,Std. Dev.
AAPL,1.3978398916626837
MSFT,1.345872979810864
GOOG,1.8463897389541368
GOOGL,1.8286924191022826
AMZN,2.3471346549958354
NVDA,2.634251526229183
META,1.8739318765397412
TSLA,3.1689447717831585
AVGO,2.0470333631429467
ADBE,1.8513825203240708
ASML,1.7649796811722147
COST,0.9613081848342785
PEP,1.1540434813168714
NFLX,2.7364983570349826
LIN,0.9992121497444568
AMD,2.6495741843960188
AZN,1.3901342818255118
CSCO,1.0163817533140584
INTC,2.328607053975222
TMUS,1.0974040702491445
CMCSA,1.493140990128294
INTU,1.5456803569114592
PDD,3.1822571013315275
QCOM,1.9684484753347382
AMGN,1.544454644054865
TXN,1.2351924271441044
HON,0.9754359447232448
AMAT,1.90673410323209
SBUX,1.0487871209562813
SNY,2.6517437864499183
ISRG,1.9287320498404341
BKNG,1.87083065188239
MDLZ,1.2784138616122773
ADP,1.4300244094588401
LRCX,1.9243956719311415
GILD,1.2300766480612975
VRTX,1.1411804013001507
ADI,1.3172631616786372
REGN,1.2425934503170148
MU,1.903084052788647
ABNB,2.19865746502945
SNPS,1.5469967162405076
PANW,2.8812947475298234
CME,0.918240058099339
MELI,2.7867582009337672
KLAC,1.8036420658106909
NTES,1.9171767940479176
EQIX,1.6327785669863026
CDNS,1.5974946449837564
CSX,1.196531068573455
ARM,3.307575759738612
MAR,1.35099001022063
WDAY,1.9992006144750367
PYPL,2.445823491394018
CHTR,2.10615466139539
ORLY,1.3421993228633724
MNST,1.6891867316476339
CTAS,1.175484245832781
ROP,0.8767042443290721
LULU,2.072831260042241
NXPI,1.8735438805530573
CRWD,2.681036654541558
CPRT,1.419692078151281
MRVL,2.355688630963146
PCAR,1.3380326174051524
TEAM,3.431230430973802
KDP,1.3639681925190534
MCHP,1.9060911531318285
JD,2.332174712774467
ROST,1.3705353349871126
ODFL,1.690562865344406
ADSK,1.592858259859856
PAYX,1.1606531713405548
KHC,1.2043961622160793
DXCM,3.206833188375811
BIDU,2.2317610998901913
AEP,1.3004638258334948
LI,3.1033786962393077
FTNT,3.541331264545236
SGEN,0.7884725896285882
IDXX,1.7940904039213195
CEG,1.6535877931038248
EXC,1.125915567715509
DASH,2.3003888574176035
EA,1.3439223082029652
DDOG,3.247229472750302
CTSH,1.3921157938217708
MBLY,2.6048689776527407
VRSK,0.966657829889475
FAST,1.3573362575235541
CSGP,1.4883047493726722
BKR,1.2997598853057912
IBKR,1.3578003768114708
GEHC,1.4012443364534515
BIIB,1.1474106051653103
XEL,1.2019919041129905
TTD,2.637964538460292
ACGL,1.300604539835234
NDAQ,1.3858008459938254
GFS,1.9135750524114992
SYM,4.859448185354964
MRNA,3.161632882002976
ON,3.4629649933927924
CDW,1.253211347918967
ARGX,1.5168083268186905
MDB,2.6876055423559766
ZS,2.696324212551385
CCEP,1.3103463548869254
FANG,1.3904069881990326
RYAAY,1.4076545776524578
TTWO,1.4829338341879243
MPWR,2.4363482606840887
COIN,3.5506575404166165
WBD,2.9455288378770597
ANSS,1.6396201366286998
SPLK,3.184234232491466
DLTR,2.1574103522369357
WTW,1.6897466436231698
SBAC,1.7504459633778784
VOD,1.205447700664996
BNTX,2.829042641098951
TCOM,2.0452607527135886
ICLR,1.9747248289213342
TW,1.2195522927192133
EBAY,1.343811043912052
VRSN,1.2179082700651511
TROW,1.3840831375998095
TSCO,1.3562114639013347
GMAB,2.0857391539017454
ALNY,2.1316379533271133
FCNCA,2.128039495528543
ULTA,1.471277200933282
BGNE,3.574620049948247
ZM,1.6976935610464643
EXPE,2.7602113973837734
SIRI,3.3008574651610965
JBHT,1.6876764583937196
STLD,1.9527484837209417
FITB,1.872149439251553
PTC,1.271546999561605
DKNG,3.1927629813903105
WBA,2.380775571724316
HOLX,1.0409539746086511
EXPD,1.2271268984999921
WMG,1.7717607164238947
AKAM,1.4374655549969602
PFG,1.263562781232451
LPLA,1.5544774595670656
FSLR,2.6145828658580577
AXON,2.5825845315952454
COO,1.3227247219496934
CHKP,1.1988760866694874
BMRN,1.501124461112169
ALGN,3.6670043301651414
ERIC,1.4305388513393111
RPRX,1.4125617715652963
NTAP,0.9978174208139485
STX,2.420410665006139
CINF,1.1057616028235848
LIFW,34.59543500927047
NTRS,1.7092538915846907
HBAN,1.651059869802306
ENTG,1.9914576418940948
ILMN,1.9977852383114694
BSY,1.7258183956066675
FWONA,2.2340043298879366
WDC,2.4732701404638937
SMCI,4.891393152215936
ERIE,2.6415178343281402
RIVN,4.640799971799302
SWKS,1.6474915932381913
VFS,40.53331400581437
FOX,1.5665292995888302
TER,1.812182674340024
FOXA,1.652800582812788
POOL,1.6081965523584503
SSNC,1.1055027183087112
ENPH,3.5038842106683297
MANH,1.7061144779892703
APP,4.131896609438487
GEN,1.9370792641471923
ROKU,2.769362215120497
LOGI,2.0021310865611426
NDSN,1.1350286592803873
UAL,2.0182997426498464
PODD,3.0396350663135174
NWS,1.5978867682061833
XP,2.4930819981035337
NWSA,1.596084930864812
LNT,1.1991229357998558
ZI,1.8011668850236184
NICE,1.9136063321270773
HST,1.7425901129974588
LKQ,1.2794140712323443
LBRDA,1.8927191023294776
LBRDK,1.9076778805964143
INCY,1.3447783788309504
GLPI,1.2375399878982947
GRAB,2.3114182004815094
EXAS,2.694659030493184
OKTA,3.2993753093966114
MORN,2.1836134495000548
AZPN,1.8867870077607272
HTHT,2.312723960305296
EVRG,1.3270414047189953
CG,2.0424913312363566
ZBRA,2.0612338890501682
FLEX,2.1876468236612516
ARCC,0.9126406828117302
VTRS,1.525796203458668
SAIA,2.144193114656984
APA,2.1471953749966186
JKHY,1.3952145655020811
LECO,1.613804319985577
REG,1.2372842597472715
LEGN,2.202563327372412
NBIX,1.5569478487791086
TRMB,1.8030319402111572
UTHR,1.3772545685360655
TPG,1.9046403779450873
CHK,1.4642170884460157
FIVE,2.0537450998399853
CASY,1.7871829335328826
OTEX,1.864061849621115
TECH,1.7128310905568076
LAMR,1.6466984908442734
WYNN,1.820040202563567
DOX,1.0081323994810063
CZR,2.3297790267718965
NTNX,2.4850406621722803
FFIV,1.1431777668269842
CHRW,1.3470276886076362
LCID,3.3731467278921348
DBX,1.5477121467614634
PARA,2.6114942841448965
PARAA,2.6596294294145166
ESLT,1.6396940922240266
Z,2.021513875234617
ZG,2.044359265831055
QRVO,1.6740592702364923
DUOL,3.3362513499702042
HSIC,1.0974479799223953
BRKR,1.9874890055591736
CHDN,1.2354704180705292
RGEN,2.4158466692141056
MKTX,2.553171048180956
ETSY,2.838753744748121
TTEK,1.5291715287242773
MTCH,1.9508209742885512
EWBC,1.739435252706393
DOCU,1.8213391820491933
MEDP,3.1581708550188985
PCTY,2.0336514308249933
MNDY,2.8937658913350712
FUTU,3.4236113026050807
AAL,1.7915631120167235
LSCC,2.493769774309801
CYBR,2.964402642104105
WWD,1.2482330127999404
LNW,1.7217279178557157
SRPT,2.185785502714113
OLED,2.517570480479115
GRFS,1.95398153421995
AFRM,5.686082941601129
JAZZ,1.38757199595449
RGLD,1.318842667406808
SEIC,1.0266026058513007
NFE,2.8179674468061626
BZ,3.0360630735810825
HOOD,2.057229600975214
TXRH,1.2858907830011561
MSTR,3.6632056902578185
RMBS,2.9905735783278975
CCCS,1.9229216488905956
WSC,1.960248278218019
GNTX,1.406679242328632
GTLB,2.9320241007304713
IONS,2.2807547253848197
KRTX,1.983129487422265
APPF,2.477205448160126
ROIV,4.4920899584833895
FSV,1.3641454916441749
CART,4.481832860128974
IEP,3.7378467090411376
WING,2.0581891428722345
DSGX,1.0951406955199265
UFPI,1.6495540819171917
COKE,2.4156953815076796
AMKR,2.676841567887916
CAR,2.106628897738906
ACHC,1.539555674304414
EXEL,1.9675943528270596
WFRD,1.6280958955154365
CHRD,1.4365604081664676
XRAY,1.4364569982703845
MIDD,1.6424731023865997
SOFI,2.702249073655665
QLYS,1.6405188971427074
MAT,1.8844146346706923
LBTYA,1.7574125837523007
NTRA,3.8969840916261713
LBTYK,1.7529338769872822
SWAV,3.259170472391825
SPSC,1.7838448633547093
CGNX,1.5868752388268534
HAS,2.5111985886134014
LSTR,1.2790664351982421
SIGI,1.1998805017723186
CNXC,2.135244903985145
CBSH,1.462896266002119
PPC,1.4277345993969086
ENSG,1.2737620471256788
LBTYB,2.121690614538413
MTSI,2.5019595049103693
CFLT,3.517866612351522
LFUS,1.9965670672860647
ALTR,1.938108943513718
BILI,3.336406891500276
CHX,1.8648826102104281
NXT,3.0562337393906183
HQY,2.0012554022890305
ITCI,1.7796530755631992
CROX,1.9240798070899814
AGNC,1.952525529032436
APLS,5.819913614916724
CRSP,2.9720097261895524
SSB,1.4768016297095792
FRSH,3.2650073002936533
WIX,2.735140890538437
ABCM,1.2852912663986171
REYN,0.9948335070729493
ALGM,1.9885571692641577
PNFP,1.8620823162995417
CACC,2.1434664211632257
FIVN,2.814418094855353
OPCH,2.365736412281886
HALO,2.0560907440222884
ASND,2.3736570578131717
DOOO,1.8134821240666366
NXST,2.9666713155530346
BECN,1.6702501442072237
BPOP,1.9377512998721769
MKSI,1.9541412597948074
GLBE,3.141205790918543
NOVT,2.3368132023725416
AAON,2.236968306473966
BRZE,2.227156410373609
WTFC,1.5116276886252507
FYBR,3.7045286634866232
BBIO,3.010217333098607
HLNE,1.2780040085614177
TXG,2.987617532929921
GGAL,3.1906111914277453
ZION,2.7191436765799857
DLO,5.141729847194535
FCFS,1.7446183327797127
FRHC,3.9110880687302405
PTEN,2.403023200928496
CIGI,1.8718263498791552
VNOM,1.2065517879902945
MASI,2.361475513198668
NSIT,1.2706315309117664
DRS,2.1418637571639993
OLLI,1.8987844096239956
PECO,1.1927780037116704
BOKF,1.953704493793785
IMVT,12.690904891292929
OZK,1.6543365057433141
LNTH,3.28568973542104
LANC,2.0323849592860954
EXLS,1.7340722580960548
IRDM,1.9855516445037735
QDEL,2.479789946707904
TENB,1.9867589348003463
PCVX,2.1188472435279624
COLB,2.2049519635708577
FIZZ,1.5826585771158788
IQ,2.638478244898106
CWST,1.4327861789978023
COLM,1.5756610763378216
UBSI,1.7118345637726227
RCM,2.808224713909815
IPGP,1.7264287871926811
MMYT,2.3530500710189415
SEDG,4.802437304732126
STNE,2.5213680899138797
VLY,1.9667060248988129
ACT,1.2534963992931718
POWI,1.948008929793193
CERE,3.3910595977104245
PEGA,2.1123773577516847
PSNY,3.968771012208189
VRNS,1.9408027123534066
IMGN,3.9764394078080962
ONB,1.5142482611095873
AVT,1.6486677362672648
ESGR,1.2271418645656837
SFM,1.56255412537467
ACLS,2.9545499181700525
SRCL,1.6746102111655823
FTAI,2.1236435161785745
IAC,2.5395637200642938
SGRY,2.812113216217378
CRUS,1.6584497950746178
CELH,3.826830698633827
MMSI,1.9248264861441153
FELE,1.170655484742435
VERX,2.6893017165631963
LOPE,1.4747497639570823
SYNA,2.2949951093877736
BPMC,4.6574157147399395
ALKS,2.4725046302550027
BLKB,1.1565605023885828
HCP,2.2793401561255684
EEFT,1.882631175835708
RELY,3.3777109701796677
GT,2.901260979532996
MRTX,7.815513105265573
EXPO,2.135638867239017
WEN,1.2806885712927887
IPAR,2.2868074203079014
SMPL,2.10185798200106
COOP,1.3592146572960417
BCPC,1.4124355402344357
NUVL,5.415930898536041
PENN,3.2989657082108135
LYFT,3.811335014941683
SHC,1.956008440015248
PAGP,1.2187354681422424
FFIN,1.7400407593144778
PCH,1.244958126055201
EVO,2.6936213606136348
TFSL,1.3212149788293852
MDGL,3.2483568969029926
OMAB,4.277269578999432
CRVL,1.679015212139485
ACAD,3.319032214828367
NEOG,2.8010023072846333
ASO,2.4865938515316075
AEIS,2.1286385791574154
PYCR,2.294689414045935
NVMI,2.034503108905778
HWC,1.8415534789878696
BL,2.5478666648517785
UMBF,1.7069336136828317
AVAV,3.0808978533701943
NARI,4.102187843412424
INSM,2.8304560970109867
AZTA,3.252673704211761
FRPT,2.4099242183711174
BGC,2.330729454575284
FLNC,3.913161196483264
SBRA,1.700748948856401
BHF,2.2361966130734197
NCNO,2.59004376961181
MQ,2.8319331672706785
VRRM,1.3692523645196646
AUR,4.756843439173413
VC,2.095000270229991
SLM,1.4304117069836255
WDFC,1.1355603158503589
JJSF,1.3131055546287675
SLAB,1.8343109098823944
CCOI,2.4627867349911132
PGNY,2.061723028035563
OLK,8.742395149177096
MLCO,2.6246576808664686
RUSHA,1.7223921902479709
HCM,4.576813032597339
RUSHB,1.8344600607295791
RPD,3.1374198154523913
OTTR,1.4492552645879684
DIOD,1.7022782488197827
CD,1.0321967389388655
NWE,1.1568740058255265
NWL,2.830453344108522
RARE,3.8445949259179324
SGML,3.7529508539775063
ARWR,2.8621738904657477
PDCO,1.6230289734273111
PLTK,2.859663939082324
TSEM,2.199378326087858
FOLD,3.1054879073692065
CVLT,1.2916445483756223
WIRE,1.9355908498236016
AMED,0.3490910315359981
CYTK,3.2681574202532424
IART,1.637599221904439
ZD,1.4950464527206762
ITRI,1.6299276478687605
SPT,3.2271949983866715
SRAD,2.3638831108051344
URBN,1.810280158988178
FORM,2.4998538003386757
ABCB,1.6337455886136276
AXNX,2.5923654812878874
MEOH,2.272912984485207
LITE,2.801563222746525
FTRE,2.7857490918788033
UCBI,1.9152991890255002
ARCB,3.1520616915433437
STEP,1.5870358866789211
PLXS,1.5674428364204482
KRYS,2.8894016472992967
ALRM,3.342174981954046
CAMT,3.4691311573100196
SANM,1.3845053816202115
GO,1.6715513094213212
AXSM,2.5873149297222255
KLIC,1.5753251100406327
BANF,1.5916760219432111
WB,2.9110427448844023
TIGO,1.7873703907698602
VIRT,1.92024921828348
FROG,2.104257180368374
CRDO,3.0381163863672183
IBOC,1.2294898672925398
LGIH,2.5032880631285432
ACIW,1.9677115747130627
INDV,2.657665020107524
IBRX,8.7748982936401
ARLP,1.438371400103526
SHOO,1.7222281378950643
FLYW,2.631353588358239
AMPH,3.035334721786094
GSHD,2.73470264726904
GH,3.0990138412437234
CSWI,1.4117297290518165
FTDR,1.7045440262074285
ZLAB,3.929516112592077
NVEI,5.651477777227199
MGEE,1.1931221498843982
NTLA,2.403529840505103
BMBL,2.471626278456468
TRMD,2.1140118719888896
CATY,1.626381338331595
IRTC,3.7288306617583813
FIBK,2.2740454668645516
RRR,1.8413438896801548
INTA,2.8243741414497614
APPN,2.3791508759003546
IOSP,1.4621793338573323
TRIP,2.332363028597172
FOXF,1.9185107971096913
CORT,4.187167729673709
TCBI,1.6719434607203554
PRVA,2.449098063611429
QFIN,2.9680176240603293
HTZ,2.972419688320149
ACLX,2.9343202703319187
GBDC,1.132415953612756
SITM,2.8583537166499764
IDCC,1.2351575549433185
YY,1.7587949706399206
PINC,1.7943312941790621
CVBF,1.9766242767732367
VSAT,4.087073319108037
DNLI,2.473378937831718
RUN,4.854412216414876
WERN,1.4504271606202754
ATAT,2.6722180046977733
ACVA,2.5167893814452382
HELE,1.8008308219608735
KTOS,3.0755264875669694
SHLS,3.1785247605915607
ICFI,1.486507587195491
GLPG,1.3523352307452603
MGRC,1.2981809815696952
FHB,1.691559876335634
INDB,1.771957048612474
NEO,2.917968873601888
ALVO,2.1064162030217837
MLTX,3.731434470734329
LFST,2.869926886809248
CARG,2.686428223433791
BEAM,3.44725879425001
CERT,2.1352110755082596
LIVN,1.86403193791088
GDRX,2.9000252278874914
PSEC,1.2717874465309016
CVCO,2.0839675333995107
WSFS,1.858173774042018
RVMD,6.514394290377265
HUBG,1.3999040145469388
PRGS,1.236417079742407
CALM,1.8760728395630621
ARRY,4.787137469242105
FULT,1.6750406773990996
MARA,6.32370980006312
RIOT,5.1972330684650725
SSRM,1.8087331583218147
DORM,1.7195738824330946
ROAD,2.5319201433636946
RNW,3.0380997453583354
GPCR,6.347694155928971
GLNG,1.8041280067833787
BATRA,1.5674037422318188
BATRK,1.4904818304044218
TMDX,3.887408750631985
AGYS,3.683422238097008
IMCR,2.1494691968671984
IAS,3.16352443536238
NMIH,1.5042431638652978
PPBI,1.9462835601677686
SDGR,4.1689037749422235
SOVO,3.2260121973071554
AY,2.1693845574528883
FA,2.3192833317139594
AMBA,3.389231031240655
STRA,1.617539333382839
PZZA,1.673326393551906
PI,4.577911618754925
DNUT,2.3032693766055803
VCTR,1.2541751416760494
RDNT,2.471719628273196
PRFT,1.8188194668175273
INTR,3.8541823383520777
DRVN,5.539112527495302
ALKT,2.463791674635581
LZ,3.336438611156396
EBC,1.876628010297592
UDMY,2.3043430137617915
NWTN,5.231562551902942
GDS,3.1906518807775783
MYRG,1.8920988334037718
EXTR,2.991672846345916
BLMN,2.202549791810164
PLUG,4.364629464351627
PAX,1.396025493353764
PACB,3.887453798736836
LAUR,1.6304098227934627
TBBK,1.839763681613362
ROCK,1.9255270416733947
JAMF,3.065389725262744
HPK,3.2011996973438803
RKLB,3.3796690020088755
MGPI,1.8217581661454034
PSMT,1.1148100114614132
CRNX,8.95998267350137
ICUI,2.8349552603675914
MRCY,2.413133751255632
IDYA,3.295108190503382
OSIS,2.4803350447740824
SFNC,1.7639763621995304
PTVE,2.1135897156171652
CBAY,4.159671362290897
STRL,3.7147099561098367
AVDX,2.4077912744801684
SIMO,1.5862635200104422
ATRC,2.160556492076314
TOWN,1.5851449876134622
RYTM,3.215080796123223
CENTA,2.210679877315255
CENT,2.5867235867501757
RCKT,5.760374334376085
NAVI,1.6125326180926574
UPST,5.789691469984028
HURN,1.4674607930593506
SBCF,1.5729597817062495
DISH,3.2051274750310013
PAYO,2.6887858898614936
FFBC,1.7400748037625888
ODD,4.715057340999593
INMD,3.3374788888899114
UPWK,6.272457997485999
EXPI,2.4930380174522804
PTON,4.789785389454055
NMRK,2.6216331066050134
TGTX,3.6892330760231484
CMPR,2.691406790165218
ENLT,2.6971075356451983
VCYT,2.518361336134672
SKYW,2.6973690547335387
MLKN,4.284611454653638
AFYA,2.134840125966443
PATK,1.8687068877433968
SNEX,1.782408739201785
FRME,1.4673584146594396
ODP,1.7429873146646995
XENE,2.373575220995923
SBLK,1.7672023118716176
SONO,2.222936130365734
GTX,1.8044374313165916
NMRA,8.430277024923349
CLBK,1.3189516141714706
PROK,8.107564424924997
VIAV,1.690176181267398
PRTA,4.160505605535304
GOGL,2.0462300594386527
ENVX,3.92543861926082
PRCT,3.172510277823248
ANDE,1.6160072391468907
NWLI,2.4416053462445624
WAFD,1.6876643041576327
DVAX,2.010360085976426
CBRL,1.9066078368969577
PLUS,2.393132389137956
NBTB,1.7363123301541306
VCEL,3.078447266817299
CLBT,2.5149990025523548
XRX,1.789028223135016
VICR,4.107803452470183
CAKE,1.8744281105730225
PLAY,2.1564880143931755
HRMY,4.8927575517482
EVCM,1.8869984598663034
FWRD,4.016308406588115
HEES,2.075158652626762
COCO,3.666698641171974
OPEN,5.594427537432198
TFIN,1.940929422416876
VECO,2.0645879813755452
STAA,3.069827528374347
PTCT,5.77282769671616
UPBD,2.0252334186693117
CNXN,1.4316994686189521
WSBC,1.5166883991798426
MYGN,2.9560632575510253
ATEC,4.049516600702818
DCBO,2.6930287700429116
AMEH,3.0254913486885706
SEAT,2.032147727942498
GCMG,1.4032593804829079
NVEE,1.7095702928203738
ROVR,2.8593108166000345
IBTX,1.6793799773702942
COHU,1.750825018886766
IMKTA,1.3623004976102848
ROIC,1.6607397767066658
OCSL,1.1699608723210002
BANR,1.6034242121430906
THRM,2.867995962108915
OMCL,2.3930687794440213
WINA,1.7624820585338852
AVPT,2.278885134159396
CRCT,2.290482243979946
EYE,2.300009234775955
CSGS,2.4156832987308348
VRNT,2.905302756696113
MRTN,1.6269625456940326
CLDX,2.428040223710976
TTMI,1.8098853305701004
SUPN,2.3651526993000096
MIRM,2.872254856666156
IRWD,2.940274214676856
CPRX,2.570901081108911
NTCT,2.4847424423976863
MXL,3.5140307583607853
CHCO,1.1987760069271436
GPRE,2.6157114372257966
MBIN,1.8871012950398542
PLMR,1.9324080975355646
ADUS,1.4790997230254486
PNT,10.995814623996294
RXRX,3.820083326983495
IESC,2.6619861683844084
EFSC,1.534939529119258
HHRS,4.553317053902695
LILAK,3.0437862764796644
SABR,5.874882155997487
LILA,3.047569660817382
RUM,3.6784919249949284
RYZB,7.444003801367307
VRTS,1.4616415370481515
CLMT,2.3848272853913413
JACK,1.8359028248052758
SPNS,1.72303354519478
LKFN,1.823432760846849
NWBI,1.5876470665350335
JBLU,2.185516471466798
STGW,4.5980665483062495
TRMK,1.7575969222480425
HOLI,2.0647249197739357
CRTO,1.6242645849594142
HLMN,1.7986998436121877
VEON,3.3348943123790216
SMMT,5.1001759574785055
MRUS,2.9483580555436166
CRESY,3.1448958574151846
TWST,4.175974064363037
PERI,2.671537086804092
SYBT,1.765601555607578
CSIQ,2.738084153109058
PLAB,2.2815448622457515
MDRX,1.8659458520552505
IOVA,5.08910530043394
ALHC,4.250759419086302
ACDC,3.0943223701463927
MOMO,2.399788736087032
VIR,2.3644034920078982
GOGO,3.253911664313625
UFPT,2.1427788839608644
MNTK,2.1672819261241503
TLRY,6.630591452906213
KFRC,1.4105153854799473
HWKN,2.313212358863401
HTLF,1.7548879406504674
WABC,1.4790450698614837
AUPH,2.595228501802891
MRVI,3.4627943417060316
SWTX,3.3427921848774247
NMFC,0.7978403248791842
CRSR,1.9045689497251572
CASH,1.8542437310838797
ABCL,3.2932994003823572
FBNC,2.11530833424888
UNIT,3.76612326888347
XPEL,3.683805623215501
NVCR,5.825065542652129
GIII,3.6391671213381502
OLPX,3.5754835857485614
ARHS,3.163843882386524
ALGT,2.187222822062662
TWKS,4.306186428490901
TNDM,4.092978124644778
PCRX,2.0993080861062805
AMPL,2.37824724545896
MCRI,1.2448290697686628
HLIT,2.811897927000695
DSGR,2.3297348032115357
NVTS,3.2961112327164237
STER,2.8162103112108294
AGIO,1.8676678803955948
CVAC,2.829336605291904
USLM,1.9881622694873695
SCHL,2.4952779569193706
AMWD,2.026788054266534
HSAI,4.207050628930815
TCBK,1.8613051140109071
UCTT,2.3529688002875644
IRON,2.9151838576138993
LMAT,2.9849243407882975
BRP,2.0422308680419703
OPK,3.0284614516734845
HOPE,1.8044721352526663
SVC,1.8805716236798813
SRCE,1.37695496359016
PDFS,2.6603517536898917
GDHG,7.5956823626405665
BUSE,1.4105954771791869
TBLA,3.123093241572533
SAGE,7.652162721683277
SHEN,2.617755165813997
MSEX,1.406221029735988
OSW,1.5471470645868108
NEXT,2.5545260706140467
AHCO,3.823924757728606
VKTX,3.6778248665745594
INDI,4.2018610277968405
MORF,6.6111676726579764
SKWD,1.6960527210696925
ARVN,3.268893375471151
PRDO,2.503309189082768
TASK,3.5747342944852547
SAFT,1.1239723370890016
XNCR,1.744218947516374
DMLP,1.5217138988554548
WALD,6.738035057658171
VRNA,2.7263078990377925
TH,3.1545767980549146
KC,4.096152479846638
ATSG,2.6738494062217226
KNSA,2.3696644541096927
MGNI,5.225208533461761
TRUP,3.2544139909070897
KYMR,4.283292369163324
ERII,3.269472482183738
JBSS,1.5159745563575489
PLYA,1.72844947091833
STBA,1.5313359070974157
OPRA,4.319577015573901
ANGI,4.804760191547713
SNDX,3.1349469697961982
GDEN,1.8804937598540812
FWRG,1.9938804154322232
MATW,1.880298212713188
LAZR,3.538852062412572
GERN,3.6014981113431577
ACMR,5.283187875096803
LESL,3.492038695891428
NSSC,6.1428765754170165
CHEF,2.8823229958359273
SFWL,10.276570867745678
ADEA,3.3461522304293028
ANIP,2.1364163975731567
HIMX,1.8784268754481372
BLDP,3.2557089880088355
VBTX,1.9973411604794788
PEBO,1.2785004089909486
WOOF,4.100764873771339
ECPG,1.7442311944673985
LGND,1.945477973958183
DAWN,3.5412967198923075
ECX,6.404158396886038
BLTE,5.267421207375092
NRC,1.4771448849859066
HTLD,1.8055403004991275
AVDL,3.2990454195051817
BCRX,3.5048178988371492
RXST,3.112959143132776
OPAL,3.5180864442397737
SMTC,4.061253194778673
APOG,1.2813167611048109
EMBC,3.3765761032375274
PGY,5.626443036634777
TRS,1.2751710593846795
ARDX,5.040024455377055
SP,5.806436066614576
CMCO,1.6492054436304295
SASR,1.6226594904013034
RLAY,4.097046266767887
SCRM,0.12315953159428283
POWL,5.571836092231429
AMSF,1.0144345127970504
VSEC,2.6095393456165237
MNKD,3.4123378418433985
HAIN,2.8129125319783035
DADA,4.412782187378178
PWP,1.7869437972246347
XMTR,3.56735538607769
PACW,2.4782921078059728
DCPH,3.770294498758799
PTGX,2.07263008025769
METCB,4.019461887370279
GDYN,3.3715508729223216
KALU,2.4537843360432965
AVTA,4.062197497697985
NKLA,9.359792553455108
INFN,3.6816490177758467
EH,4.820374945725979
ASTS,4.765953926208215
FORTY,2.995593096252233
DH,2.950015810985921
MBUU,1.853376605741714
METC,4.788411596201811
NGMS,0.6673213452000757
ARCE,1.9274760611727684
GSM,2.6102914908748507
TRVG,3.380063943543983
RBCAA,1.100450433115618
CTKB,3.043169066224313
MNRO,1.9494553671774013
IMOS,1.5655601414925322
KRNT,3.611453657900972
QTRX,4.353767198783821
KROS,2.7259122303643455
EVGO,4.76805195535103
INBX,4.380947948955473
CSWC,1.3626786507592115
SAVA,5.922463101251823
BASE,3.5234440301169605
ARKO,1.6598465202336097
ADMA,2.6334660872200155
SATS,3.887584090473202
AKRO,8.649064493172963
DGII,2.8567583024691547
PFBC,1.4370759702149087
ALTI,5.168725066384
MDXG,2.5049138418673125
SBGI,4.523795759308807
EWCZ,2.5515053695725927
VTVT,4.1911349217706695
TTEC,2.154387090772776
APGE,4.148715521293503
INVA,1.258173092628403
MFIC,1.0578943046833342
BFC,1.4051848772519604
TRNS,2.610425147921129
ULCC,3.0277357223619856
GABC,1.3753439625512842
AMLX,2.266468914670546
EDIT,3.496346039034716
QCRH,1.5485971193731316
SLNO,64.03364445195663
SGH,6.126291529929921
COLL,1.854263869694563
NRDS,6.270948309849876
SBSI,1.2928936185375257
EVBG,3.4533659496116482
RGNX,2.66062777861528
ADV,3.308196646234771
LNZA,6.123235929224878
BRKL,1.9351045948629242
PUBM,4.856688822151155
SANA,4.177933780766869
PLRX,3.669331309481784
TTGT,2.583425998292101
PRE,4.799282821227407
IRBT,1.8203490869019294
SLRN,7.9989492242785065
WKME,3.096977929171188
PTLO,2.2778977846757225
VALN,2.658930666617111
SNCY,3.362591354299265
FBMS,1.635888510783808
ASTL,2.343975277285922
SRRK,5.998492918256744
OCFC,1.8294998776691282
FLGT,2.0931121319737285
NAMS,3.39676704374103
SLRC,0.8990590224080098
LBAI,1.7025306998519396
VREX,1.524270049842176
MTTR,3.4047651832381676
SCSC,2.259217785191143
DCOM,2.2015451569648934
TNGX,14.64688538264942
SLP,2.5561824477407886
WEST,1.8348705442974014
KARO,3.5355708378032666
NYMT,2.214718772563771
HSTM,2.2836860883508643
CLNE,2.8830608932463067
AUTL,3.919129402914166
RDFN,4.10534531596027
LVRO,3.5097370718327707
SPTN,1.5716800342253063
ICHR,2.244634897893635
LPRO,3.252436629462179
VERV,4.456608024923151
CRON,3.7194581401763354
SSYS,2.812714772090384
PHAR,4.919440659237112
CGBD,1.0926980755305256
IMXI,3.2791570954790297
INNV,4.706125573531307
BIOX,2.0135804519953244
OLMA,5.657858868115771
ASLE,4.279391794596102
KIDS,2.589304668099392
CLSK,5.628303335457526
SPWR,4.374731936753432
TIGR,4.990649470462835
HIBB,3.8938622408858334
KELYA,1.3097327238979304
CNOB,1.8771045124827554
ZNTL,2.325065581551094
FMBH,1.3209780708222982
HCSG,2.0964448494122756
CABA,5.204223002463962
AEHR,4.873798033196234
CCRN,2.9278533965139717
SIBN,2.791585115998697
EXAI,5.227400470925952
BJRI,2.307388014958082
CENX,3.586349765123227
RDUS,1.9865013916166936
ASTE,2.0437454074718135
CTBI,1.1880846066431903
PFC,1.8382424354642024
BBSI,1.1263053558441363
EGBN,2.7534663486921134
KELYB,0.9250146747869149
PRAA,3.3015274249441906
BELFB,3.86675293638625
CFFN,2.558500439891337
RPAY,2.785427650919542
PRME,4.475899961162218
BELFA,3.4223716961149924
KURA,3.3417524060083097
RILY,3.1834765725498664
WRLD,2.2987925638833806
OFLX,1.596176249526257
KRUS,2.8103420892351725
CECO,3.748228234950358
IIIV,2.153170364298045
CYRX,3.669964438507384
GHIX,0.12408606851909457
VRDN,3.0156596641488016
CRNC,2.2262407244462046
TCPC,1.3909015642782714
CRAI,1.0990357733049076
ALPN,3.2580810892214958
TIPT,1.7416847057002542
AMCX,3.8000852114368078
HLVX,3.499685616715826
NYAX,3.3429000685261716
PHVS,5.275951715593118
DMRC,4.2368958123316185
IMTX,3.0115933295780803
MERC,3.2780328022140006
CNDT,2.9539260427427125
GGR,4.233206272234138
CIFR,5.878975971214159
PLPC,2.9263485071248985
OSBC,1.5069224642042556
SWBI,2.221050740912339
ESTA,3.864628431687704
AMRK,2.246741060572107
BIGC,4.130607206383319
SCVL,2.1783015386329523
TRIN,1.6685497206383852
DYN,4.986563718836291
ULH,1.89878555773236
THRY,1.9997569509955033
RVNC,4.165758852230239
SSP,4.9351146306515465
ISPR,3.4129032008740037
PCT,4.39659431837447
CNTA,5.125541750456878
ABVX,3.8046010010027365
RDWR,2.3293360894024286
DWAC,3.2275604969353817
LQDT,2.269817416688576
AVO,2.0531524848428693
AMAL,2.0053282822982617
ARCT,4.168762036243287
KE,2.0297186613522964
FCBC,1.5580402368875865
MOR,2.6453817349861217
VMEO,2.935710180463792
HAYN,1.8721976304128578
CCAP,1.2708687030954833
ADPT,4.3849332271839465
HCKT,1.4444403745890415
GSBC,1.1348533103729743
HBT,1.3131137246323512
QNST,3.5656683025574267
AOSL,2.5231856795465717
TITN,2.205649784199819
SDA,8.540416780224243
ACCD,3.1081634385745622
EVLV,5.518724271787133
REPL,3.2905528378741953
HFWA,1.9315339467981387
BLFS,4.999496380111298
CHUY,1.5915127135712386
ZEUS,2.584542426363624
AMAM,5.93213877234736
DCGO,4.414829014482438
ATEX,2.6173431480043643
NAAS,5.927350805084038
VERA,4.177476234834299
TILE,1.9006609569249526
BLBD,2.9063573779520624
HDSN,4.2649933549264265
CRGX,
ETNB,5.826216412812281
TARS,3.868423821201219
GDEV,7.505062355285478
PRTC,3.7971501950145723
STKL,5.498314124469796
SNPO,2.386169967532868
NNDM,3.512083853064197
ZYME,2.568797914976103
CFB,1.7238318948000195
CWCO,2.9187393552636847
CASS,1.3508283854834497
TSAT,9.28546776894175
FLWS,3.1840580874543445
MBWM,1.664067226457773
FDUS,0.9686504638252154
CVLG,1.763856086803529
VINP,1.7826665280082523
COGT,2.965240268781673
LEGH,1.7997612055251926
UVSP,1.5676637516034388
FRPH,1.0558177657865067
PLL,2.9642920485007505
HSII,1.7798862022678668
TBPH,2.298075216037834
MODV,5.573973865072085
NVAX,5.204428132684962
DAKT,2.4607798026446264
GPRO,2.6507784532582264
SAGA,0.9955499540212587
WW,6.484253595770097
AVXL,3.7915932407665465
RICK,1.3888129418755002
IGIC,1.5266023206507404
YORW,0.996823824785626
EOLS,2.6509456902646287
BRY,2.0875951874260354
JOUT,1.2819761971640802
WVE,4.067351683868764
BROG,3.2198972210824532
LASR,2.288477977829032
CDNA,4.098998642865925
OSUR,4.907098929105641
CSTL,3.7160410372957227
TMCI,4.1123401561962964
ICG,3.4173179113181833
CCB,1.6268264731467466
MCBS,1.6812559043049853
CEVA,2.473743677614699
VITL,4.137092356575611
HTBK,1.5078150954367724
BWMX,5.624263753008857
UFCS,1.879653817312667
SOUN,5.381004740777967
DXPE,2.477743183329772
TRST,1.2721309490960675
ATRI,2.2310786848676734
LAND,1.3635426539201627
FCEL,4.4086623249159915
PETQ,3.030265557500902
SCWX,2.868305542159323
DENN,1.8335354438029152
KRNY,1.7722097882992713
BFST,1.4245933765318157
IRMD,2.737208595443517
RWAY,1.177505242806727
OABI,2.5297642673942806
ICVX,3.2703369860610447
FDMT,2.9731002300771707
LWLG,3.5235218446997667
APPS,2.749069362819487
BCYC,3.224227250368361
HONE,1.9805395824701233
MITK,3.39904090246883
SMBC,1.6786060968491996
HAFC,1.7380682476497373
CRBU,3.5875034804507195
GAIN,1.1669229370608172
CRMT,2.7586349381256636
MSBI,1.2806903247078627
GOOD,1.6616404087571093
GRVY,3.0973959307285472
DHC,5.230259088443092
SLGC,4.67672170543605
CNSL,2.949575391319771
TYRA,3.1915960861720363
ATRO,3.000748707265166
SVRA,3.1176646315137546
HBNC,1.9358774581082838
ITRN,1.5475902519836944
CTLP,2.7406554171426123
CAC,1.512859560142882
HARP,8.988526059948041
APLD,5.119980691473889
FORR,1.7185472270629896
SRDX,2.060547304926924
CLOV,4.508474555327561
CALT,4.695917784214733
ATNI,2.285855964058755
NN,5.237203233655174
ANTX,5.2417392190312615
CGC,14.264401198107826
HCVI,0.11453599105033586
MLAB,2.7098075596154434
RGP,1.617318588794017
ELVN,3.670417836505267
RAPT,3.438860742403822
FMNB,1.3694977200830247
DGICA,1.1563407192010964
MXCT,4.285855737379359
CATC,3.8969413552194334
DHIL,1.2379895078806205
ALXO,9.185837621918683
CCBG,1.6496503930287298
RNA,4.208190158449457
DGICB,2.2430100101967065
MGNX,4.648741357650262
ALLO,3.841598745038934
BTDR,9.249328039089152
MVIS,3.411130913323637
EZPW,1.5955532315185765
SPRY,8.359145016114223
PGC,1.626504077310418
WASH,2.4964303414482933
IBCP,1.6821868721691822
LBC,1.6429017595762332
DJCO,1.573176795613987
ATLC,2.667647249699403
LIAN,15.328784437744844
AMNB,1.7911311835209545
LMB,4.504486222483989
NFBK,1.5544601580770327
GLAD,1.232830983448714
THFF,1.4232275585620018
AAOI,11.39219807574283
HCAT,2.761767987609775
AVAH,4.212882226142007
GLDD,2.0358988843972723
SPFI,1.349400770525839
ARTNA,1.2157412277964639
HNRG,2.999843709520963
LQDA,2.6288272424763672
CCSI,3.2190996901441364
LYEL,4.587484606326403
BWMN,2.7258861298855432
LILM,3.5538899864764577
CCNE,1.3243827959460284
SLAM,0.05895766225865039
KRT,3.7151909843963025
TVTX,6.153435096330299
HUT,5.008447716311666
CVGW,2.8272267445142436
BYND,3.5864524049369892
SLN,5.7537346830607135
ADTN,3.368012873142415
HEPS,2.9602092268113473
ALNT,2.991327646208877
PTSI,2.899015946661826
CCG,13.791689426837774
AVTE,3.2188064403376613
JANX,3.2762428522763045
MGIC,2.1708711894600654
PAHC,2.2718925347630217
BBCP,2.406772679638029
VNET,4.069918468421801
OTLY,3.821344423159543
ONEW,4.079306570756653
OFIX,5.04823063058148
ME,5.104651589043468
AROW,2.2713070637256925
CLFD,2.6735858203571925
TAST,3.4511536369684763
GCBC,3.126945452913266
DDI,3.3729202753140375
CMPO,1.4804784605187262
PNTG,2.454025454356794
HRZN,1.5289746571588478
SFIX,4.959227217874615
ALEC,6.245063441438985
VTRU,2.888013984327976
CVRX,3.2931445724791737
BLUE,4.039536075737438
EWTX,3.871485889759941
NCMI,4.672578212436929
FFIC,2.109283199267972
LUNG,3.4717388693847484
ABL,5.750029648994334
OSPN,3.2459904339150243
LIND,2.95743976646559
GLRE,1.5343540845995227
HYMC,4.528638469937417
FANH,3.31628886826598
ORIC,4.472666582191305
PHAT,3.017151639291446
SHBI,1.8879253779064402
VALU,3.897929356256926
HTBI,1.7079394441057556
COMM,7.373574642104273
RMR,1.5803371362232157
NETD,0.11014596285753192
NBN,1.7513981617411778
RSVR,1.7163278367770098
FSBC,1.3250640650222214
GCT,7.02121455831556
URGN,3.5382872254892725
SNDL,4.6892442966661365
IHRT,4.086236449711567
SHYF,2.675650472504975
LYTS,3.0635564644801407
SIGA,2.2452278504031824
LSEA,2.845912740885983
MTLS,1.8732324006964225
NTGR,3.5956591405801284
ANSC,
TRDA,5.821756528439923
ANAB,2.5827251631696218
ANL,5.105337536885975
CMPS,4.445524215623341
GAMB,2.6271940382799808
BTMD,3.179341220056778
ESQ,1.3987084998112471
ACTG,1.933450838677872
UHG,4.5601810137542085
ORTX,12.430113185729436
PLSE,4.997042446327429
GMM,10.90287426954235
ALRS,1.838341093810703
ZUMZ,2.9791001884894768
VLGEA,1.302252258263679
RRBI,1.2071187773552756
DSP,5.153061801047793
CGEM,3.1088548656663826
EMLD,0.1710250912580194
SMBK,1.3193995078784908
FNKO,4.264533658826905
GRCL,4.881792847385207
SENEA,2.654475048488459
GHRS,4.339373834382959
OCS,2.6115058408656324
NAUT,4.678323996332842
TMC,6.649836994970661
NEGG,4.018586522166004
PIII,7.682845988174572
FIP,2.30644254475404
AVNW,2.7022442335087287
EGHT,4.251122510680613
ACIC,5.758759211688466
RBBN,3.159799872996998
BHRB,1.9321298085276857
BMEA,3.5004456417966727
GILT,2.2665970182613226
MCFT,2.8566170063462235
HIFS,2.4445472019221595
MPB,1.620614673040622
JRVR,2.2305043178576214
NNOX,4.125770307688315
TRML,8.892445274758119
SPOK,2.2573819588418838
ITOS,4.191312224962786
LVOX,2.4116599894037716
FARO,3.368608806032293
MYPS,2.629352404276336
TSHA,24.85066454932017
CDMO,3.191990977468281
PROC,4.3326666555970474
NVEC,2.8168543488449993
CMTL,4.364480991042476
ORGO,5.376869105508993
IMNM,3.7742092218425456
AUDC,2.1183646015279813
ERAS,4.498830016893776
SMMF,1.437088113175842
SHCR,5.052704786071325
MOFG,1.8309815331509147
NATR,2.5810459704454005
CSTR,1.8964586888986388
RR,
DOMO,5.135684111494701
ENGN,14.27226548380772
VSTA,3.5284009713545017
RDZN,7.792039762809185
LX,3.707843657835115
AMSWA,2.0287723168855116
MRNS,5.505597342015812
SVII,0.09118385132691935
MCBC,1.2103828186173506
FUSN,5.75789030398308
QRTEA,4.390255552846392
ADSE,3.5387002631746918
ACNB,2.0214767223098447
HWEL,2.1995972728683912
PANL,2.089067335740125
IBEX,4.1565043576015235
SENEB,2.850848486685639
QURE,3.629357338378894
SILK,6.774978067534814
EBTC,1.648488102801616
LMDX,28.08484625788384
BITF,4.98987918712977
TALK,3.119417691249137
HROW,3.6562625810822467
MGTX,4.534827964294485
IPXX,0.12184423377421279
VTNR,3.697786480390805
NEWT,2.1427380290157423
CELC,3.992191166350893
JFIN,3.4123983282054873
BOOM,4.246221716526885
AMRN,3.193830296930508
IGMS,4.533296948312095
TCMD,3.2527432204564
GRPN,7.722814073415741
UROY,3.703101261398186
INVZ,5.216957251237449
RENE,0.1864460224569947
AIRS,3.3806443632780665
LCAA,0.1514371868832805
CGNT,4.205294073991638
AFRI,1.6044114625331634
ABUS,2.449879212397851
ZYXI,3.4771469583019488
JAKK,2.2835224226831805
SKYT,3.911457234345786
LINC,2.95003412093521
AURA,2.9841137062163647
TROO,4.856907555578936
WBUY,19.603610760681224
SBT,1.842961993098486
THRD,3.7073947245642933
IVCB,0.10927921922941645
VYGR,2.598341442096905
NRIX,4.59748352122479
FRBA,1.3417647954028102
FCNCO,0.8049913969719947
PFIS,1.5670404118205599
ANIK,2.2350698191782117
VMD,2.0528910556813496
BMRC,1.6588530325113708
UTMD,1.226278705822177
CERS,4.335138426133945
ATLX,5.185504289483432
HBCP,1.3694442906935382
WTBA,1.6510292801730098
MVST,5.336786947609959
BETR,16.852821525884806
CZNC,1.9666416045357271
PKOH,2.434532149851753
CDLX,6.111651542589853
RBB,2.21322764137449
SKIN,4.685572360765345
LOVE,3.474352567311121
RXT,7.464122985807099
FDBC,1.8671518556085747
RDVT,2.6930007439848227
GNLX,6.685926922175979
BWB,2.1519600128862053
SIFY,3.774483754607016
MREO,5.826190633335038
GOCO,3.0194262690736746
CARE,1.680000791662038
WLFC,1.6799095034000342
BAND,3.6123511231466168
LOCO,1.433696273159522
GPP,2.804259217240161
DOYU,2.9808347493207563
EVER,4.2267086324356775
API,3.244885954716596
WHF,1.4765328339025257
FBIZ,1.6374620226196732
SKGR,0.213712433505721
TTSH,2.527657629597341
PGEN,5.866969528961319
ITIC,1.7514396524542157
CPLP,1.2387789386344747
CBNK,1.3207284249311229
THCH,3.343708735841606
FULC,6.491297418537549
SOHU,2.0740836578345485
CDAQ,0.23297586942516152
GWRS,1.988364402168545
SSTI,4.074304747898504
LMNR,1.3514432005415005
SMTI,2.4479889252834184
SWIM,4.794407404070572
HYZN,5.877169995433091
WEYS,2.191620580639844
FNLC,1.4895503504292178
FISI,1.6702521058509754
GEVO,4.4885929242655305
WLDN,3.707398839476877
BKCC,1.5983346888397194
REFI,1.389849871970534
PBPB,2.3605618000933566
TLS,4.857983271134079
CAN,4.1203264355638005
KMDA,2.74494542148091
ANGO,2.7907660033281507
CJET,7.410574251814243
RMNI,2.7466971872567667
NRIM,1.5509134671584754
BCAL,2.099538301766708
AMSC,6.131468404997004
NATH,1.3567634167026366
PUYI,5.368744543854631
BSRR,1.4836721095720358
ESCA,2.3777072492357165
CZFS,2.1926886298007036
MTRX,4.316963913816947
PRLH,0.07809343497849537
LXRX,5.42263378509702
LXEO,
UNTY,1.6845345931480777
TRMR,4.680994735036562
RCEL,3.9792484936368235
JMSB,2.716077762140231
ARAY,3.5701938319591116
CBUS,5.532620092434897
NWPX,1.7914397545335419
NODK,1.230901222105924
HUMA,5.786497720276502
QRTEB,5.359617738682938
LFMD,5.379840701495029
OBT,2.715330978264756
PRTH,4.0685286575605275
KALV,2.955981856927355
FMAO,2.0887984934489037
AGEN,4.571585064126843
FLIC,1.5164001551134998
WULF,6.189137943232146
GASS,3.3019344510467947
BOCN,0.1758490311416398
OM,7.661376432037683
MVBF,1.8724433687176834
SMLR,3.2404313473133293
AXGN,4.020959570159098
ACIU,3.6316527341713174
PLCE,4.242127620169669
OPI,3.9049029533285062
REAX,3.6367919005405063
MOND,7.6067271308255835
POWW,3.3459884609145427
TCRX,5.574153267534033
HA,4.089841483953855
PLAO,0.1416247880529886
SLDP,3.606807470710371
ORRF,2.0492313996438747
PSTX,7.281608721358534
BAER,7.666468961505959
WSBF,1.664645225594766
BCML,1.4431939017140913
EPIX,6.051175839320121
MAXN,5.313960113647711
NECB,1.328469600738502
FRST,2.1440901694569305
HIVE,4.665837087413445
VOXX,3.785215636828409
FSBW,1.4898755146177494
HFFG,2.988805850298235
MLYS,3.7722937587841634
ZIMV,2.6974428737184364
DXLG,2.2484264219032903
CIVB,1.4160026062949707
APTM,0.1503210080949275
KLTR,2.9284676744672336
PCYO,1.2790227517180586
BVS,5.851763632416676
AMLI,4.704767147758089
XERS,4.538055867951502
TRUE,3.583247239956342
TSBK,1.2551221405071755
NVX,6.199040592433736
SFST,1.786517386897189
SOPH,5.625512679259774
YMAB,3.5295394440555756
BLDE,3.1564344715419095
EGAN,2.8044770415772304
OVID,3.809933823054626
FATE,4.998667889873483
VRA,2.2259181450623107
NVOS,18.584219454295848
BLNK,4.776364971814522
AFCG,1.8622486747436595
FENC,2.972113684445396
BLZE,5.0154805772903845
TCBX,1.6264819967001949
AVIR,1.9344638979691686
PTHR,0.5435595317981101
LSAK,2.3610661051508055
MBCN,2.3128103320533167
GENK,4.595821721762307
BRLT,3.111830916044399
REAL,5.132585266690706
GOEV,5.59616399738836
INZY,4.062947930375495
TCX,4.38066912255549
LPSN,5.284388342850696
LWAY,6.074133315334875
CONX,0.22337770213090136
PCB,1.6000991716752815
SNBR,4.379414400322299
NWFL,2.376854254911681
CFIV,0.37620031889084976
SSBK,1.1278993768727392
USCB,1.953428458222915
NPCE,7.6612839128517525
MASS,4.0702010704657905
STRS,1.8124409901177791
BSVN,1.5069304396964154
IMMP,2.7796211419292947
TERN,4.051783506108736
PFMT,3.296704248100528
PBFS,1.7603736516225958
KNDI,1.7960009091216234
FSTR,1.9980957047339547
LFCR,2.937842461398623
CTRN,2.7914595013829846
CMPX,3.02645242537564
INSE,2.3030257371047513
PROF,4.135753164474022
LE,4.461299619102521
IMRX,4.525855104762208
MESO,8.660966832465355
CHMG,1.0429207732268182
MFIN,2.162928555283777
BLFY,1.6247049410114607
EHTH,3.453113296997125
CLMB,3.1782877909084775
ZURA,4.105986714339707
QSI,6.228391003547095
FVCB,3.2181742042648684
TDUP,6.1347167831251594
PDLB,1.8989317266717112
CHRS,5.381351834456804
CLAR,3.2022316522437517
CVGI,2.503413872584333
PKBK,2.5802590286548592
OBIO,9.164477594236475
FNGR,8.417258674853633
BWFG,1.3883090476856876
OVLY,1.2689852771163967
IREN,6.127943495540804
EYPT,5.8125475556420065
ISRL,0.1901664660708186
MLGO,12.041390499671264
III,1.703274817835202
TUSK,3.1583588478361824
TWIN,2.1654402765392917
QIPT,2.139579828575802
DRTS,4.111095991044742
ALCO,1.5602298072434349
IMMR,1.4592316576630402
CVCY,2.132792574567825
TREE,2.7406581273650557
IONR,3.670580314423918
BPRN,1.8838682060352276
ATGL,
LUNA,3.1110539249704283
CFFS,0.2968121565273681
IVA,4.052423699798374
SWKH,0.9030289811648228
DSKE,3.4234567383007763
HRTX,5.005884302871593
UONE,2.35143999034326
RPTX,5.883510937086326
TSP,5.395809939145091
CCLP,3.864594593251444
CPSS,4.023640999785853
UONEK,2.573951666051847
AKYA,3.7636659007944653
EM,4.325010382817685
NBTX,5.642523696159939
VNDA,2.9740366346722467
DLHC,2.215753143052748
RENB,13.563771854508085
MCAA,0.21675086735842475
PPYA,0.23778585661872828
RPHM,4.402520193883264
CRMD,2.771150800874198
HQI,4.011463469036165
CFFI,1.8728898076681106
VBNK,1.6123353251497492
RCMT,2.586446510389327
EXFY,5.049024738699898
BTBT,4.934291826216025
HOFT,2.775261110601701
ACB,10.722588366337897
KVAC,0.3821604782135425
PLBC,1.684904002484762
RCKY,3.5385725887906587
CDZI,3.103040956043777
AUGX,5.180782970007824
LTRX,4.67437481957736
ESEA,2.230114565104375
SCPH,2.7458835948021267
PBYI,3.2743584337646157
ILPT,3.3130280226468747
HYW,1.3265175025391154
CVLY,1.3297830696411717
SGC,2.4722153022217697
ASUR,4.1727241830018444
MTC,14.024217640014372
PPTA,3.905807722970256
REKR,5.351428429978309
PNRG,2.404011827062009
BCBP,2.0302906020891798
MPAA,3.7007301504204118
OB,2.516831993115665
PMTS,4.030292550039084
GRIN,5.379640018428275
IPHA,3.5476246617866223
ABAT,7.23607922800001
XPDB,0.1325983164146038
COFS,2.662893262381636
PDSB,4.758201982528567
CALB,1.0343046752536837
RTC,4.785306550521948
ENTA,3.781633672639533
LAB,5.657477214737537
INOD,5.587753070223573
CBAN,1.2166717799831501
VABK,2.356544633683186
MRAM,2.375038219650423
AKBA,5.4924926586007965
SPWH,5.452900617107348
HBIO,2.537208284975007
BRKH,0.13227133505010108
AIP,3.0634691430974597
PRLD,4.582137446464428
NIU,3.574079400250793
PEGR,0.20711471079617388
ALIM,4.077481858405294
MACK,0.7702484924656756
PRTS,2.994267875410195
FLL,4.307642997153859
YI,2.41568087650486
AMTX,5.127160097375798
FHTX,5.348120304518834
LUXH,5.083165046792277
AIRE,30.518650994795447
ITI,2.3125108597495916
DLTH,2.574704383477092
SNFCA,2.1559918536379357
ATAI,4.317577597629779
KOPN,3.0632987226378274
ALTO,3.879478512011018
HEAR,2.063076099556198
MRSN,5.533019317995104
IPX,3.693188186736602
ATOM,3.963378701936607
XOMA,3.122738279082059
BIVI,5.470749613753883
HNST,3.5726497929777503
CLIN,0.09349851174533282
RGCO,1.4708983533922406
EDAP,3.250172007276028
IVCA,0.8094128407633148
OCUL,3.940266226771913
ARQT,5.206566346408844
OPRX,4.991902355761142
MSS,11.73197914209202
BZUN,3.2380572879927403
TYGO,7.848546518374432
LGST,0.1516635805477081
PVBC,1.8893951712639807
ALVR,6.272437392483945
NB,4.526580577043455
DIBS,2.1669745726551515
STOK,3.427685797959801
TGAN,3.7532263492859417
VAQC,1.2173429631853483
ESSA,2.3234756209338903
ZJYL,11.548159326604722
WNEB,1.2887392348441724
LOOP,3.9307188384247382
RELL,2.1615116472026767
DNTH,185.414022339977
CTG,3.5012395719905074
VCSA,3.4789966670404535
MHLD,3.2423497912978085
SPKL,
ATLO,1.5135971268887005
MNSB,1.4433440551551213
SEVN,1.6971671406336095
RIGL,3.4518496603834063
LCNB,1.7712407624066193
INBK,2.6376025730815686
IVVD,3.2410964502852044
GOSS,3.4214607725262116
GRWG,4.771831553405445
BENF,9.133665324591943
VERY,13.372783229573345
QUIK,3.680161251616409
CLLS,3.5223953787963604
VSTM,3.710394202177002
BCSA,0.7730336370998168
OXSQ,1.5101215092671558
ATXS,3.9713678499675025
GNFT,4.086083694440011
ZVRA,2.8465026093564343
INVE,3.8316908819745206
STHO,2.309735170025111
CPSI,3.6096036884746687
GEOS,4.291270815836045
DBVT,3.653542486774029
PETS,2.583402845046869
PTMN,1.4067490850434208
OPT,4.493930245015619
SAMG,2.0028422138358093
TIO,10.782671990304701
NWGL,4.90650941404833
NKSH,1.702740631418792
KLXE,3.8613516264009156
CHEA,0.15325638021959245
ESAC,0.3082775329416849
HCMA,0.134643776885442
INMB,3.782323370438241
IFBD,6.948834697674816
NUTX,5.582153723367938
ALCY,0.1059752572233739
SCLX,7.6436837123102706
RGC,7.185537412028688
STRO,4.114115810463603
KGEI,3.0635288796575546
VRCA,2.778319184339138
AIXI,8.418590355231403
LYRA,4.56635065801458
SCWO,6.212635740674419
MRCC,2.074782641358583
SHLT,3.7448083649185016
THRX,2.924759094912966
CRNT,2.202065622367261
PEBK,1.6053976284109217
MYFW,3.169088667520871
ALLK,4.854577137479322
HWBK,1.6552096689315474
FREE,1.9000930917020085
CDRO,3.191397925006466
ESHA,0.06388161883268806
KRNL,0.2058817629234296
ALDX,8.902002825831113
SHIM,
GLUE,5.671278717529657
LCUT,3.2963697206759766
STKS,2.3055244311910092
IRAA,0.5734001344274912
NDLS,2.741374423245176
TOI,6.715238184845458
RRGB,3.4503494325484074
USAP,3.726123942938991
UPLD,4.510339227772322
NYXH,2.709479514236378
SMID,2.5312833096282032
GLSI,2.762219445314797
LRMR,4.563750036838594
PRAX,5.670785270387731
MCRB,4.460890756893909
PWOD,1.928681668420994
BSET,1.8899154295936325
FRAF,1.0034900539808393
CLPT,3.6121855448209255
TLGY,0.16670321201236757
MRBK,1.7321695989085657
SKYX,5.039298531037913
QRHC,2.4672928331389685
PLMI,1.839817568946337
MOLN,3.551022113563491
CRGO,5.449369343233924
EBIX,6.879129343895532
EOSE,6.901544627746698
ARBE,2.829015356580227
MAMA,4.4170045996687435
FLFV,0.31762902056479303
FNWB,0.9844861404881255
NVCT,3.9147887399752057
LCA,0.19665996640120295
OFS,1.6629993981094948
RGTI,8.56256812710456
VTYX,4.709215488945679
TZOO,4.305458197731479
VUZI,2.440947479314672
FINW,1.8964934665768582
GSD,0.759250489293641
ROOT,3.78483576400817
OPTN,3.697570468762672
TWLV,0.18238257002904212
CDXS,5.6587856055096575
ALSA,0.4470522583584962
ABOS,4.416563212885927
JYNT,3.494340881172129
IZM,7.3942178171961865
AQST,4.108081098685257
RMGC,0.5147877279778709
RNAC,3.2750049044245264
NNAG,0.09777544636510456
MAPS,5.908291091649338
ALT,3.8994655708177097
BDSX,5.877216621174255
GRPH,2.8302027685491593
INGN,3.1545237878059895
FCCO,1.0832808212140457
PRCH,4.6854076158135225
CNTY,3.273996764537337
AREC,4.979274899008863
LGVC,0.26200851520547924
ANNX,5.554728509572924
HURC,2.0784758239954946
CSTE,3.038053458936389
BIRD,5.234173058517418
DHCA,0.5039453901089566
UBFO,1.605682472651618
WMPN,1.5819049823463511
CDT,12.672232837424326
ORGN,10.212352557794103
PCTI,6.228480867829501
ISSC,1.6687814350846837
LGO,3.021636566422361
SGA,1.3381789787636615
ABSI,4.680129226501193
OPBK,1.2882575961969758
ESPR,5.435141430391324
VMCA,0.17580970938836185
ACAH,1.2576006458771045
NCAC,0.35377829306791336
WILC,2.5000123442506657
BRAG,3.2897283354844795
MNTX,3.4412777057781527
NKTX,15.194738462734046
ZLS,0.41110472730831316
PTRS,1.6884796504936115
HNVR,0.7315517365055537
TOP,4.879498698936784
GPAC,0.18419119532408404
RMBI,1.5564929788279156
VAXX,5.117229220601996
UNB,2.8194669863541146
BGFV,3.075076835955205
KOD,4.248041024373392
DOGZ,4.01003855893663
MCAC,0.17280983822591844
GALT,4.038449796334593
XFOR,6.437083746245986
TOUR,3.6401035653123692
GATE,0.18339483975030338
FIAC,0.4392056958535952
IMAB,4.161872663838945
DSGN,9.203678492557884
RVSB,0.7672233808838774
PAYS,2.758905111015323
BYTS,0.69029293697176
GRTS,6.903106501457919
BANX,1.3899462771613207
FONR,1.3165204840197975
CMBM,6.834769796337093
FUNC,0.8850610561862214
TBCP,0.3426320916455518
CWBC,1.870790831195537
CTXR,4.344066438796258
ARRW,0.1949261936966213
SGHT,11.236867758019468
QSG,7.731145094134111
PXDT,4.138611809139509
RDCM,1.4949734535919026
SY,4.375995305918518
NPAB,0.4312557709255072
CSPI,4.911038315528437
BDTX,3.7381747779850105
WPRT,3.0443493254489535
EVGR,0.23434760427281495
APXI,0.29023148078124633
TNYA,4.648311648796896
APLT,9.450076755539031
FNCB,2.4726545236755593
SHIP,2.6851810860326437
VOR,4.973804328800278
ULBI,6.0599035471299585
EPSN,1.9043638345411587
EGIO,4.15503580664577
TELA,2.333455662382138
DECA,0.14388713475668258
APEI,3.950116374045322
CFFE,8.838550973333891
BYRN,5.950552484830825
ONCY,3.740385911713528
OTLK,13.659011149580916
MKTW,7.094990874779802
EGRX,3.3582714090711296
ATAK,0.2286932770402928
PRQR,3.981674473783317
AADI,4.430960854117187
FXNC,1.684546581324052
EML,1.4463557958878208
GTH,4.781943076764477
DRCT,5.274775605198356
ACAB,0.26590464965033717
SHOT,7.541963677472007
SPPL,2.0041401682689197
ASRT,6.755584291423256
ALYA,2.581412496363386
ADTH,2.8747362046376197
IXAQ,0.09509598679371453
HMST,3.7582178220191573
MYNA,4.231763938870731
CZWI,1.4159894440095078
WISH,4.919887822515961
OMER,6.046011616377274
ZTEK,2.2960650905997584
BRNS,12.39153892844028
ASPS,3.96779268497504
FGBI,1.5824224491232015
HITI,4.996725918628201
COOL,0.4129329270727017
XFIN,0.1384321750628505
BTAI,8.769245310939286
BYNO,0.26818345668455357
BFIN,1.0991566427959198
ENER,0.10255408187723011
PRSR,0.14519759545529226
PEPG,5.105946422327703
CBFV,1.3037889479410445
CAAS,2.7357024966244015
AENT,5.608066577404751
NNBR,3.0069486443674394
BCOV,2.0543978168720525
WRAP,6.156864835177954
CYT,0.9990179861173196
OVBC,1.338669571653106
AOUT,1.8959612058313091
VXRT,3.4653855177359962
INO,6.53813257355742
MNMD,3.6560763194759396
BLRX,6.93553605679768
XBIT,3.0378182267610923
ACHV,2.7770774646659926
HGBL,2.448281267831213
CDXC,2.475662928047411
PMEC,22.863877335730145
SILC,4.16140589577616
ASYS,3.0122414220233664
CMCA,0.5583560284477087
CITE,0.3176998439736756
CFBK,2.1878382372759315
DTI,2.2825636207821693
PMVP,9.581604147242027
UCAR,6.5671991182656555
PESI,3.9758772861439806
CUE,3.9627748163532663
DPCS,0.3119627919647831
ECBK,1.4369749897836324
TGAA,0.29430637000155224
VIGL,9.0720878114615
CBRG,0.1444352983305165
FBYD,24.189631281020315
VCIG,13.870061153092138
KNTE,4.307507227066385
SEER,5.178539394728053
IOAC,3.106260623558909
KRMD,3.154977704480572
FSFG,1.3146344735325315
SLAC,0.5191318681164023
NTIC,1.8842718332867028
CARM,5.450693328009247
IVAC,2.3458424528340482
SJ,5.6853716302493185
VIRC,5.449977881392117
GIA,0.235235180846606
ALOT,2.265010323665476
LAKE,2.1863919212398013
RANI,4.815488987150852
FCUV,3.993118419506609
CSLM,0.14846890818504602
THCP,0.1416987554548577
MITA,0.1393446481667602
QDRO,0.2507342343348953
ABEO,3.9873067050796096
RVPH,8.633090396632277
SZZL,0.15281829589989487
ADAP,3.231798003780808
OGI,4.702519883785629
OMGA,7.0297792217643815
XNET,2.4455935196132
FFNW,1.8718663904211694
ISTR,2.7270263890040174
RMBL,5.215446119733649
LARK,1.5001267433570447
FNVT,0.1831834172801753
OCGN,3.733065264306649
YTRA,3.5491726714831167
STTK,4.547685832383632
SSSS,2.3164962753737406
MDWT,0.41202023486070577
HSPO,0.25880115399985504
MARX,0.11969805757237868
DMAC,4.009712285844244
LNKB,2.0769027755540677
FTII,0.20927950008273813
VOXR,2.5946840681215253
FSRX,0.5568017675768149
FAT,2.388302927775791
LBPH,4.175027753686948
ATMV,0.10468964731568843
GLYC,4.302056764779897
TENK,0.1511515222169978
PWUP,2.562908523137519
TPIC,7.0831141213708415
FLJ,12.362310914386482
CNGL,0.2548989677236175
LATG,0.7556838258288641
GAMC,0.23468919794552295
MLEC,4.180881911350214
VII,0.0953339355008777
ATMC,0.23385751261891385
ATOS,3.2978705242926347
MDBH,4.615459981353346
UEIC,2.9546780123346412
TLSI,6.3866104274633715
TWOU,6.503891204470693
IMAQ,0.6145857745924321
FATBB,5.164209864022734
AQMS,3.2970843609798846
GMGI,5.028324071922446
BRID,2.0000792892390287
KVHI,4.550549715396846
STRT,1.5458358331305138
EBMT,0.8716264886156623
NBST,0.5370993469070668
BLAC,0.1932196056751988
CPHC,1.6053345307660405
ONYX,0.21463604162851238
RWOD,0.10759334823362568
MMLP,4.5291878624191
BOWN,0.14621374823662753
NKTR,12.685697778229821
MGRM,4.735386704714562
VCXA,0.9683515049193399
TBMC,0.08916504501146987
ETON,7.119609282368556
MNOV,2.5809014077149928
SYT,5.664801499502822
BSBK,1.4832776192782604
YGF,3.7113443616428436
IPSC,2.3549390743113743
VRM,5.805506371213278
SFBC,0.7262161538245372
GODN,0.15134322016276913
BNR,4.484654575274848
LVO,6.39859176673945
ATPC,18.45489100779071
SATL,4.352850919490355
UCL,4.7655603098381665
GNTA,4.551136633993263
BWAY,4.5708398554787255
MIRO,27.863995600267643
VFF,6.332082704682568
AFBI,1.7314853426502035
SBFG,2.1571896364240124
SANG,3.7934203082715285
CREV,
LRE,6.436676914226294
DISA,1.0473487957133443
ALTU,0.11754328623638872
RLYB,5.928646503463359
LVLU,3.859071898232609
GLAC,
SURG,3.3776571690729282
FLXS,2.940667988051824
FNWD,3.262339998034556
BLEU,0.14348743914296094
OPOF,1.9100891295072875
SRBK,1.302409168149845
GLLI,0.30545486084048135
ANIX,3.392573622544817
CMCT,2.1080829019677823
ADES,5.169863142492697
EMCG,0.15309478122762873
MIST,3.9579512695342522
VERU,5.1597975676494965
TSVT,5.742116872044997
PUCK,0.4251744759205262
AIMAU,0.023592702270854853
NRAC,0.31007257439428404
FEAM,5.736166528880072
FTLF,3.194209783685444
FCAP,2.0851224823785666
SSBI,2.6319066354511267
MDXH,4.541257274481861
ELVA,3.612253325446207
AACI,0.47368960933923804
IMMX,7.961466835894518
AXTI,2.494294420552477
HYPR,5.1635119456068885
ARQQ,7.249755680160949
CTMX,2.9121885223234476
ARYD,0.1186779488445087
GTHX,4.572620608217584
TATT,2.57395030473788
ORMP,3.3573232035935385
RLMD,5.07411605971679
MAYS,2.178508381112487
EAC,0.16109654180046212
QETA,
CMRX,2.7476420330115787
TMTC,0.12776347204748045
USCT,0.17063903365535554
HOWL,7.349971430022133
ADVM,5.289616301574215
USGO,3.9094290665453553
FEIM,2.1871512291656723
IFRX,4.8807345354531355
SGMT,6.050331506223093
CMAX,4.458832987191484
AITR,
BHAC,0.4025512356182747
IVCP,0.33698933095398625
KITT,2.601374244171214
PWFL,5.3995029175913425
LIVE,2.77826021308205
BRAC,0.2427554090249378
SLNG,3.3570401952171958
VERI,6.783663049603401
MDWD,3.900841251318572
APAC,0.27354009161713727
NUBI,0.24492186589577308
TKNO,7.029317761253365
ZFOX,2.488319296238821
DUET,0.22788224927138712
GDST,0.23371307441361186
FORA,4.417991111430868
VTGN,85.89444148298838
RCAC,0.27772044598065954
FICV,0.14890187532066976
KPTI,4.570008163355741
OCAX,0.3087477695575721
SND,3.0906671631467173
ACRV,3.227451768322791
APYX,5.362130150216952
PRPH,2.888297815753639
BUJA,0.43014873648848134
CMLS,3.1625744071958075
HMNF,1.5676646555591527
PROV,1.4941970501438737
VTSI,3.380260633400829
PFIE,6.862435553863889
GLST,0.09709680034957013
ACNT,2.8301555804964296
LAZY,4.821069163921436
ASCB,0.5463837499649354
CETU,0.14139970698233614
WKHS,4.686505669125148
BEEM,4.039629745683326
OAKU,0.16953450962957434
AEAE,0.6081616860110463
SOTK,2.4308741105422635
LIBY,0.46778617127509375
LINK,2.9293605569096393
CONN,3.4143445197720097
TAYD,2.809345636738918
PBHC,2.6854499171850748
APLM,10.291578398582416
PFX,1.6271795408143528
YOTA,0.6169096337452045
HAIA,0.7867457429611491
DERM,5.248227374834337
SWSS,0.24876471454049037
BCAB,5.286721194125364
CULL,0.5585393083621107
CAPR,7.762409258927264
GECC,2.478115277144683
RFAC,0.23295822090356125
AONC,26.343645231652022
GTAC,0.10985688956593172
GBIO,8.006870961900061
WFCF,1.5177514034494666
IGTA,0.1698129760025387
GBBK,0.221050116869623
SIEB,2.7790820452725513
SGII,0.184541639436905
CCCC,4.6924099485902655
ELTK,4.980186279804124
INAQ,0.3253096612920106
CASI,5.905214726826754
ESOA,3.1649657608225996
AFMD,3.434587146177395
CSBR,3.3097832655560193
FRLA,0.12792893193336616
FEXD,0.32824103905090807
OPRT,4.927175669504516
OXUS,0.2908893825175267
MAQC,1.9919797824335135
CBAT,3.1024857941092896
LIVB,0.11230294266305202
KVSA,0.7133696326857321
TETE,0.29077361696338316
FTCI,6.412923519461551
LPTX,5.749577261564878
BCTX,3.997546787725018
TRVI,3.606132663137981
PRPL,4.6288915938824715
BWAQ,0.1851407407763639
KRON,3.427569360337584
MULN,104.1773221483712
TORO,4.623556784597874
FORL,0.34702895471579165
IKNA,5.47629194105953
AUBN,1.509841663228099
EFHT,0.6232830392844971
TRON,0.5829015545364273
ELYM,2.589590019185597
RBKB,1.4823436762590343
LFVN,5.822207915793339
BYFC,2.697507093255114
MSSA,0.2398192361339197
FHLT,1.6811608102201987
GMFI,0.41586273909808513
ONDS,6.428075071337195
CENN,3.5940242795415642
IOBT,4.205673126821628
CRVS,5.150754985204469
JSPR,5.212674735759143
ANGH,6.092927338757895
GP,3.786377899966817
GNSS,4.190234803056466
THTX,11.85231737103901
AERT,1.2613910835778315
CNTB,8.306283303863088
TACT,2.636478615283541
PBAX,0.3348448225553696
DIST,0.13783464777687499
PET,3.4414466763449925
RSSS,2.81788089172557
CXDO,4.527531393974775
GAN,5.211892582816243
STIX,9.597300462420174
GIFI,2.5951140357777063
CODA,3.160131118225149
NVAC,0.13424728857980509
DAVE,4.240789238986869
LIFE,2.3595038488011393
AXDX,3.867310233339988
PSNL,4.995633090461816
GAIA,3.622865194249483
OMEX,3.6136791432380284
KZR,6.064254340274986
VIA,5.216891390087954
VIOT,4.562366825147393
RDIB,3.843063290435677
CLGN,3.4800318870808815
CAUD,14.699158020989056
TBNK,2.173757748769381
ASPI,6.414137867120827
CDTX,5.053882625128433
SEZL,16.24996437055894
KYCH,0.16412756608946397
MACA,1.145206091733505
RGF,4.341632165802456
MGYR,1.501297082844898
GEG,2.0225949038767204
CLOE,0.40839494202016924
SPRO,2.3348121019918238
MCHX,4.366287312730717
UBCP,1.7069241063861607
ACAC,0.25370389029766094
SGMO,5.669728795997786
INTE,0.2759295178122306
NVNI,8.568388222920875
WTMA,1.0888580274441702
SCOR,3.964392558794076
PXLW,2.5531242246043124
AUID,4.564344753886599
ADAG,5.563454577316662
JAQC,0.16556664668538718
LBBB,0.08876372194802987
AFAR,0.2013966209297839
CLSD,3.133119333874998
ROCL,0.13739775510064198
NKGN,9.794558212472744
NHTC,1.5253160781673598
CTCX,7.748307694277641
TCBC,1.8135019818483546
EJH,4.996768359492312
ROSE,1.2501364916625248
SEPA,1.331064628630858
PYXS,4.501585336008749
LEE,3.292639264090055
LUNR,5.780225245835327
SOHO,2.489555450452908
TPST,500.82137408852816
CLNN,4.615456985957133
PDEX,2.9299497090538593
FOSL,3.806977838710937
MBTC,0.38701930263042256
ARBK,7.19164105104277
SCYX,6.211637331126354
ELAB,
NOTV,6.578917354174869
LSBK,1.6732031166367791
NEOV,4.049001389097214
OCUP,3.0721661934137052
EYEN,2.893086322484704
SSIC,1.8839090616314609
WIMI,4.311426271430353
VBFC,2.497114192902443
SERA,4.594809759657386
ASCA,0.2782332221152618
MURA,
PTWO,0.28622188853520775
LRFC,0.9154151313707282
IXHL,4.601035678386
NGM,4.865306016160719
ATRA,5.849887803937118
BNIX,0.12449417374382646
LUCD,3.1387215158828172
FLUX,4.530264718463154
QUBT,4.529405042264917
BHAT,10.257349260123876
CSLR,5.820962274786756
RDI,2.6783729963504697
YS,9.04703450865052
ACRS,3.7997673975770714
CIZN,2.081306472221599
XOS,6.704523711356854
TSBX,12.10783227858659
GSIT,5.84829759391585
DUNE,0.16238395910908088
CGEN,4.368678607224223
PPSI,4.303190096311395
HHGC,1.1771124626364553
ATHA,3.303317210808643
SYRS,4.288900001053737
TLSA,6.231631467003925
CRVO,13.620567097541171
AVRO,1.5580021889266125
CCTS,0.6668899243708863
STCN,3.826586398681452
SMAP,0.2808400669798949
FTHM,3.1322428083677387
ARIZ,0.13596131072535383
SPRB,3.8644562206865336
PATI,2.4916386101147294
OHAA,0.18858423403753494
PEPL,0.2260298616540958
CTSO,3.3995583433882186
ARKR,1.7114497030788065
POET,3.1144050477222076
BGXX,6.228758694733276
OKYO,8.713913832748416
PODC,8.294908198967835
PPIH,2.7322201677854423
ANEB,8.489488455608624
RACY,0.0
CLST,1.7076780219080367
UXIN,4.15576289026353
XAIR,4.737592555322648
FUSB,1.4470641006174383
YHGJ,6.3510175467108185
SNCR,5.166664482395019
CRDF,6.758433759658818
EAR,7.612507076438087
PLTN,0.5542809986214771
NVNO,5.137624903376221
CRDL,5.726402174805734
SLDB,2.892592032073825
DYAI,3.5399973752824687
RMTI,4.92041691683132
DHAC,0.44621344700782156
CARA,6.033063081568348
ENCP,0.33988244088405656
OPTX,2.1097934246366674
HUGE,3.965320854481798
KEQU,2.4754423275227726
SELF,1.2287554800420746
ONMD,4.906461243763397
CLRC,0.13189872234737282
BNGO,5.379111640732848
QOMO,0.40350797730987487
LOAN,1.1683868205396455
INCR,4.5672353189797095
ALGS,3.740156657531415
VSAC,0.21542892350095866
ALLT,3.174536939692796
FARM,5.166664477450844
NSPR,3.954646901186781
ABLV,5.471689596009438
HHS,2.221213922694045
KACL,0.46387179324675243
DMAQ,0.7394531837373184
KXIN,15.63744589503973
ASRV,1.8941454946672736
ICMB,2.54887333828662
SNAL,4.393218316312351
COYA,5.1720740551664965
IPWR,3.096365046116378
INTG,3.186099513478642
ULY,14.275387426828724
AEYE,4.798761757545916
HOUR,3.5599045476816706
ESLA,29.432824915423087
HNNA,1.538088866462515
ACET,4.770227824263582
RCAT,2.959250368598142
CRWS,1.0869441486039293
CRIS,206.1749329307487
GROW,1.4948996796306055
HUIZ,3.7087782423053834
ACAX,7.957697971386414
SABS,7.132623811067287
DMTK,4.448385215810985
PCCT,5.166094664537505
ACXP,11.55520356916142
DTIL,4.061870721865525
VANI,3.5585791918336867
AQU,0.3714665572361405
MNY,9.151317872514701
MATH,4.224732383213966
TIL,3.2917034666413203
GRRR,5.333822713756697
NSTS,0.5289473405886395
MMV,6.4314604541023845
BREZ,1.0753480373363935
HUDA,0.14194943212003144
SOLO,5.704488138916951
IROQ,1.3502954091340709
SMSI,5.067512984172601
ICCH,2.0153430344268175
MOVE,5.680126213433062
MIRA,8.718805801327676
AIRT,2.846828054852199
EDRY,1.5591935192571356
NICK,1.9197667971685108
AZ,7.443530000425257
FGEN,7.0845552362030055
BZFD,4.17898297387796
BWEN,4.462981982962954
IMUX,4.602074149645464
ELTX,4.758623974715527
AEY,7.839735331583851
TGVC,0.36071582515930184
AOGO,0.28223597686054436
XRTX,15.926693246560868
HLTH,7.398733274637511
SPEC,10.953868846673398
JZ,4.133379797829221
LTBR,4.377743031302717
HLP,9.22108275908744
LPTH,3.2110510289000174
EGOX,11.730472015297593
WINV,0.2764571233060966
BOTJ,1.3839160147720053
KSCP,6.314481838741268
GGE,7.552414991678695
NOVV,0.3236176051896163
SOND,5.281963727099199
CKPT,4.94888121821059
LGVN,5.496886180836453
RWLK,3.474827560925023
HUDI,3.7392254357576595
AKTS,6.396167062025186
CPTN,5.4940203425571275
EBON,3.1022142619825757
PXS,2.4717291422233325
ZENV,5.086172583577275
DCTH,11.269863670469762
BANL,4.2012006343685515
BAFN,2.592375673642091
RPID,3.633252177940133
LTRN,3.8137191326789033
SGD,11.322724636208983
HSON,3.712253648648867
SYPR,2.043039940244335
CLIR,5.186902414850047
USIO,4.088666787800277
GDTC,3.02174936007241
KTCC,2.6849768700493266
RAIL,2.2978072848959497
ASMB,10.040748202403734
JYD,6.4818792836967045
DZSI,6.503399388659995
AGLE,5.484196241382488
DSWL,1.7902423038773838
ADOC,0.3709426067154636
OSS,6.531172112122819
TCBS,1.1246411484053263
MFH,8.168113038267647
CPBI,0.5569174435368944
PFIN,11.806338701863151
HYFM,7.80731637011038
MEIP,3.9305566067483984
AIB,1.4480850019823412
CDIO,7.2418970772713385
CHCI,2.065946242316583
JFU,3.9552267213081076
PFTA,0.18225502503342206
CFSB,2.4451892237728523
ACBA,0.2946475958976379
GDNR,0.3872760799803305
FLNT,3.840918794116542
HOOK,2.901044837030139
EFTR,4.352633475325871
HFBL,2.974479180860692
MDAI,12.080429178715232
CUTR,7.045397644252699
DWSN,4.652908307569099
GMDA,4.002970109360644
HCWB,4.047453240843811
KFFB,3.02216021780859
MHUA,6.799651189755237
IMPP,6.663081021147305
AAME,3.992268508535546
CELU,6.327202123028717
BCAN,7.75721013648775
RAIN,2.9057094681970326
AKLI,5.9705575177404455
LVTX,3.773527666830146
OTEC,0.15603334157225993
SLGL,5.042612884123995
STIM,2.277945334054996
QNCX,2.7720234394181835
RENT,5.032577398547817
CODX,3.549024501675605
MNDO,0.635166378975916
TURN,2.0219828438797984
KPLT,4.422524709617103
WAVS,0.8610169643663816
BCOW,1.633278171750312
VEV,4.080814564756717
GLBS,6.43084773612555
SWIN,12.6740417002959
FATP,0.4469494143197583
CASA,5.284945318868885
DGHI,5.387873875948797
DXR,2.733190991096084
LICN,6.7117481212036045
SRTS,4.229697410396212
REE,6.145978375461104
NAII,4.335592973449562
AGMH,3.6883509048515317
BSQR,6.318910338947217
SCTL,7.007235805590162
MMAT,5.548849761314961
CRGE,6.822883608989253
IZEA,3.008332375587041
POCI,3.0366141149306243
MOBV,2.909147587369864
WGS,4.0044597137260025
NURO,4.476455521652919
INKT,5.933710332503393
CWD,4.788093571199444
ABTS,
UG,2.002413677437035
OCEA,4.588785731660983
BEAT,5.592685316361263
DFLI,4.9584431026973395
PLBY,3.6793027035524672
HOLO,15.963367545549623
RAVE,3.8110171836793754
GREE,7.6055288445904585
BYSI,6.993000392030718
ICCC,2.8276755455564793
FKWL,2.3563109157829265
JRSH,1.8566925909003384
OMH,7.0141324424490055
NERV,4.078941581586779
CPSH,1.8310932355374194
NXTC,2.751507162159711
REFR,3.3511919771817387
ICCM,9.934844013492837
TLF,1.4879717348771457
PRST,7.091286971022769
AWRE,2.79912356789344
ICAD,3.845519622814681
WKSP,4.755120645758498
BOLT,4.219986353380133
COEP,5.060303552953921
ASTR,8.45342345726938
ENLV,4.105792586562935
SHFS,6.5210303470040225
FPAY,6.3259475744498195
MCAG,0.4552801173046822
CVV,5.129929220142374
PASG,2.6272768745257324
RAND,1.8486000228560933
AVHI,0.16450329068825098
CNTG,2.8146633890261716
DCFC,7.679027109198246
APCX,7.9153609263758655
IDN,2.39140008440636
IPA,6.324640445451996
ECOR,4.692139700797886
FSEA,1.6133561379187062
VWE,5.222726308879173
OCX,3.4307997796535927
CACO,5.970918430340307
DARE,3.2512030890300263
ACHL,2.9297356060407704
FBIO,5.982454003056629
IRIX,6.258065325514298
UTSI,3.274100888353116
AWH,8.020427385155486
KINS,5.990872789775667
PBBK,1.9009824547231176
KA,7.145580837866222
AGBA,5.05780982735095
BIOR,5.221744929741963
GTEC,10.728844811384148
FIXX,2.7251427547549296
CURI,3.179064027125773
ALAR,7.172298222908214
SLS,6.181254830873785
NCSM,2.0714469748007738
FTEK,2.5654606834756897
INTS,5.445277849868773
AIH,5.975715709269136
SDOT,5.178594281266515
CLAY,0.36494534981886056
AGAE,3.4690013697454445
NMTC,3.9933500295046316
USEG,3.4135827710532003
XLO,4.037489994966759
NLTX,3.495127844798085
BFI,3.3957293008736116
NCNC,12.789129707448716
ARBB,4.150104770367891
MOGO,4.541538841939386
EVGN,5.146625625300813
USAU,3.2315599782847806
OMIC,3.1234037512811645
ICLK,7.118043647977936
CTRM,4.134182484376582
SRM,9.81885430084309
EMKR,7.482750632343811
CGTX,4.6215810383094675
SDIG,6.175928709232961
UBX,5.486740014203446
EUDA,9.135577496291795
CLPS,3.0160708509966745
TXMD,2.918189448780091
ADN,5.165472923711913
OESX,2.637849177292425
ATER,5.867105334325881
AACG,3.001323192505412
BTM,4.471728077361054
QMCO,6.008888535815227
SLNA,8.823427128253334
VGAS,5.012983138151556
PHXM,8.31755349271749
GTIM,2.8767502253119392
XPON,3.512109661802471
OPXS,2.0781770430591124
MESA,3.591525766341503
RNLX,5.769825483067509
PPHP,0.40149483368516553
SANW,5.576683933468384
MCAF,3.2490306320079716
RZLT,4.330798891289012
SONM,6.6971379858778075
NXPL,4.6168687351028
SNCE,10.478791320615937
ELUT,6.616537918553044
PRTG,7.055545665192703
LIDR,7.012093994996181
CTNT,9.438966466257142
FRLN,6.798380349738002
SNT,5.743177173969933
APWC,2.858120532100863
RFIL,3.7393725521148866
DTCK,9.212405078356177
ELDN,5.46596855146454
KRKR,4.9007478445470145
DRIO,5.153024182414483
TKLF,4.4598742937342575
EPOW,5.153110797432233
DLPN,3.905253301352629
ITRM,3.995284518048854
ABIO,1.1019282970163973
GANX,3.2624448879312578
WVVI,1.281631406030546
HUBC,25.708231348443814
HRYU,10.122835748263432
XGN,3.6682060582868825
ZKIN,5.905491955685675
RGLS,5.544513269119511
LNSR,4.219252564226632
DAIO,2.6390803164451992
RMCF,1.7781739797513594
KIRK,2.776637965277831
CADL,4.270285359205333
MTEM,3.566293130493148
PMN,7.8040770587200505
NCTY,7.1989758099806735
YQ,4.076664493530788
PLUR,4.58682984535595
BSGM,7.025829870688955
AIRG,3.168086500654525
DPRO,3.7307824540709618
SEEL,11.704904774957615
KOSS,1.8420596158634976
NSYS,2.2147182496325817
PEV,10.445350814693336
ELBM,6.817382841028377
NTBL,6.826495134260539
PPBT,5.255377587238942
CISO,5.236887194925952
NSTG,7.443503267472806
PSHG,6.842042308489299
NRXP,6.04483415857262
FTEL,7.129566346078891
NTWK,3.975451200435689
CPIX,4.376891306102883
LUMO,5.218388504227488
GFAI,4.4084504563949105
PAVM,8.384633357324699
ALPP,7.770680366640691
NCNA,6.560054356238212
OPHC,1.5246436427188634
ZCMD,1.8213897519029518
MRKR,6.265607226636672
RETO,15.108762643662661
MRM,2.7436525529566347
NEPH,4.302611907385982
WHLM,3.5544078843331035
ARVL,4.100139626550038
AHG,11.780028981407868
INAB,4.280178742753669
SWAG,3.284207115053607
CYTH,5.9629896708439425
RMCO,4.427587479117349
INSG,5.149331272548789
MODD,7.37821159120615
IDEX,8.091234707993138
EVAX,8.58314189106501
GVH,
CHSN,8.448957151512355
SGRP,2.939973549205512
EKSO,6.08943382368532
DUOT,4.050888388234895
HOFV,6.3521215147584
JOAN,6.476168637403296
LRHC,12.460269327008287
CLRB,6.231227836150929
COCH,9.749803765744465
VMAR,4.454519070359413
TOMZ,6.806365222801175
EVTV,6.346352826979577
BBGI,4.853468107193408
DTST,4.012688992636534
VRAR,7.428110817251577
SAI,5.092423213476529
CXAI,10.364263319467424
SPI,3.623186634985389
SGMA,6.926172574259381
BRLI,0.3808950484901406
ENTX,4.829782626225877
ETAO,8.130544038581512
TAIT,1.4115484655310517
OCC,3.565118020929325
USEA,2.3345113737970284
MVLA,7.2938820640222435
DALN,3.1125399957534237
PIRS,5.845733457321443
UNCY,6.618320295534873
VIRX,4.338279841040058
NTRB,4.15975462680546
LIQT,3.1318965242786607
LIZI,4.379855235329506
FEMY,46.41378694717908
CREX,7.443616033540369
SSNT,2.605446604151935
RVYL,10.207878886185581
ACST,5.49062886686241
UPXI,4.502781720412593
PNBK,3.1454339904344852
TURB,9.566302224577964
ELEV,3.5172014587436586
XELA,3.9994497173232793
TCJH,4.968297223686409
CHEK,6.258479962115447
GYRE,9.176583791477869
PMCB,2.7059939942359996
DRRX,4.319035584803415
BRFH,6.496055288047706
ONCT,5.383188644403801
MYNZ,4.691124707278738
VIVK,6.1931280705947085
CRBP,3.8304910227911466
FRSX,3.6240675629121606
GBNY,3.035906448641118
STBX,7.1328072191695515
LSTA,4.580494312524763
SXTC,10.600848604180518
MTEX,4.014270380266891
BFRG,5.324329968298102
IMPL,13.020282803632105
GAME,6.351287565614758
CLRO,2.2592127400866513
HKIT,15.03140637273777
XELB,4.287067878017606
MDJH,4.935886520453075
PT,3.592967912917446
TRKA,8.140727612678061
TSRI,2.5141802984819788
STRC,6.383876119452168
MEGL,3.6198334654566384
FRES,10.759447431793147
APTO,6.651248545376127
SYBX,130.5623695001346
TFFP,5.273638503399291
INDP,6.612930507031196
NEON,6.051108910767865
BOSC,3.2485262677697935
SNSE,4.073945608866336
JAGX,7.764582047750755
EQ,3.569997550075547
AVTX,16.262464282173646
MBIO,3.893552289648391
IPW,6.2386497721970375
AKTX,5.431795304300736
YJ,8.18786873674476
VSME,14.507904084302945
SSKN,10.567374975154653
BMR,5.997070889885164
JCTCF,2.0418859806181002
OP,8.079314572161724
STRM,10.562324084703926
KZIA,4.125205043703432
MCVT,4.978299805137307
MBRX,6.61668125729822
NRBO,4.546872926690466
SALM,4.900262726858339
MRAI,5.22612287686751
HCTI,4.569431925620443
SFE,4.394099204004842
QLI,4.3948239090325485
STRR,3.6807607108478058
PAVS,8.772117585132388
CCLD,5.1358859730589685
WKEY,5.427425496852819
PALT,4.017597165734128
GLTO,10.234876403241518
SEED,3.720651820293913
KALA,2.914418186112841
GPAK,16.098665051919323
ISPO,7.527887022944799
TRIB,6.242487484849864
PHUN,4.368976948727328
FBRX,3.5084475607820997
BNOX,32.30833365702962
SNTI,6.976116850240548
ORGS,9.998536332008378
UTRS,9.221643087848337
MBOT,4.817310494345585
GIGM,1.6041553701351186
GNPX,5.190278013013677
EIGR,8.884547944264344
PWM,10.962885824624978
GLBZ,2.575279944213616
TCRT,10.692631727372602
COCP,4.391013163259696
ASLN,4.151705037696108
AMPG,3.419084584758782
LITM,6.244503372890079
VINC,5.0582257583541
TEDU,4.540659950240326
TOPS,4.5001852204129476
GURE,3.6106719956241173
NCRA,4.885558049017106
GENE,3.1115571543882594
FGI,2.789636539284991
ZAPP,7.413563229890873
FFIE,12.699144359934865
IINN,3.773185321127741
TRNR,5.7164873008910195
BTCS,4.232850682102312
BMRA,5.183161046463258
GYRO,2.607038680278469
SRZN,5.751918173744568
FGF,4.852850573895786
BCDA,6.1640514196787475
AHI,6.244089344860076
FAZE,7.366227003005821
AYTU,6.829431517116054
CHNR,4.654158093444542
LABP,3.8503832812435665
ONTX,2.941323852368002
APRE,4.676233879400098
IPDN,5.062095807222384
MDIA,8.451499325867362
STKH,4.663084856557834
CNTX,7.722114999091725
COSM,8.222209614868595
JTAI,13.023397918248872
GOVX,3.261382381101517
EDTK,3.4107228550612536
ILAG,4.775018444980579
AXLA,42.98221009692661
CAMP,7.838537808569719
UGRO,5.438582415905952
BNRG,5.473681794592892
OST,9.010165009494518
NLSP,7.452030663309305
CTHR,4.5461720592838315
CAPT,7.96174029594742
VIRI,7.841203687138889
VJET,7.069266763474589
TTOO,20.62246205058799
LPCN,3.3569478126859282
PETZ,3.4707534052416045
MYMD,8.08417967110916
ASTC,2.261501804148942
JG,5.8500419023717924
KAVL,9.829314291877573
BIAF,6.695265536244669
SHPW,5.1828208145054795
ELSE,2.515568007185986
VYNE,6.281474467725178
TARA,3.4718648372566823
TLIS,3.745849367115976
HEPA,3.6283494261682643
VBIV,4.853226231659647
VEEE,2.950220668893531
CNVS,5.788609026534447
HTCR,4.566076860499865
IDAI,13.684664951346944
YGMZ,7.828549852341263
CNFR,6.685573057924394
JEWL,7.461794855390902
OSA,6.406253892951273
SGBX,8.434878568128392
AIMD,7.7750326133314385
TBIO,4.501980350439501
PMD,3.287698132965683
ACOR,5.255288875916397
RCON,5.171726197527561
POAI,4.129178109525003
LEXX,4.84374977578499
IMRN,3.6662548619226962
BLBX,5.201547556200342
SUNW,5.976669572197154
APDN,4.788397572843793
MDRR,2.0558976540325617
BCLI,9.920280739286602
LKCO,3.3047596875752108
EVLO,11.715805717412803
SQFT,3.745557812008178
LFLY,10.230107400244494
OLB,5.873723091819956
VCNX,9.928991726313102
CLWT,2.2868088664529163
BTOG,4.976155665726273
AEI,2.883905739620094
FTFT,5.269929976513319
ICCT,8.270381264485414
KRRO,5.867681250811798
MGIH,5.121261541516857
DOMH,2.9471134616816617
WLGS,9.343632591905836
ENG,3.4694835906737644
GDC,9.1240254071808
ARAV,16.7866589481813
PCSA,11.74040786001621
GBNH,6.852284943313609
NISN,3.1671359491417705
SOBR,4.682208058052887
ONVO,4.35954228715729
TNXP,4.027113015907225
VRME,3.3401618080972693
NXGL,5.5521603257154295
ACRX,6.642590299781586
DXYN,6.4106071302380245
EEIQ,8.253849716230096
AGIL,17.848615593644993
RAYA,6.114825846272585
GIPR,1.9164803121549854
IVDA,4.725378334952713
TANH,9.112161447472344
BOXL,4.000344794178481
POLA,4.512621524534124
ARTW,2.250079223817853
AEZS,3.0267324696971745
AYRO,5.593572304892118
HPCO,5.706812228320779
CARV,3.5720481958473287
CSSE,7.065080801240159
EDSA,12.27196703176834
BTBD,4.675697802170918
PRPO,4.855147306890608
WATT,6.861911301289215
LAES,6.875765718779912
VERO,4.911314341175458
FRZA,3.7331523375994498
CNSP,9.449624503883804
SCKT,2.765956443611358
GTBP,4.996515665627454
SPGC,13.419213313591875
JNVR,5.204045292656494
MARPS,2.2960680617320426
MGRX,7.087219134976442
WAVE,5.077943238705336
ALRN,2.6259032465762275
MARK,4.97660184184448
ANY,5.844872886489292
SGLY,4.958841638797735
ATIF,6.394108923420419
HTOO,5.900727362964353
MIGI,9.939011769910408
GSUN,7.0900164670193595
VISL,3.030337522813419
BRTX,5.528687237783617
HIHO,2.583881328462963
CREG,5.123733067393588
LDWY,5.544158495812231
SIEN,6.346379059342901
NRSN,4.73559233299196
BNTC,9.616409071326277
WNW,7.622321234949562
CYN,6.295995139431278
MTEK,6.229505729042583
INPX,5.649489294265971
XWEL,5.3239862776419775
IMNN,2.9762850313203395
PETV,4.913624733757834
INTZ,8.775025412359959
BCEL,12.189521454047185
ATHE,4.158170203429758
MNTS,16.70396950204634
AWIN,14.833205998240967
PSTV,8.787171518027229
SNES,5.463375981746749
BTTX,5.264577089560223
SHPH,4.196555201838616
SNAX,3.0264151421145002
SOPA,7.012684781018579
JXJT,6.794388010652156
NIR,10.700320460184749
BLIN,3.7143888021320404
TENX,6.321203924740385
WAFU,4.554214181329632
BREA,6.797505524478263
GHSI,3.253337586189338
FAMI,4.371496100378972
LCFY,2.8784327180113483
EZFL,12.101386935593425
ICU,17.607455445142076
AQB,5.790236028105526
TC,4.701008588106992
WRNT,6.952058996044369
GVP,6.107077651227532
VIEW,6.589640320332133
AFIB,6.366152780769733
GRTX,12.746246234883387
GWAV,5.112422120764601
ABVC,9.346050001984372
BTCY,5.161969581515447
EZGO,14.088996228295844
GV,8.59319614191516
GRNQ,4.942908455384153
CLEU,12.667182421627778
FORD,2.4316279968270074
EDUC,5.093905398467068
NDRA,5.528804692478495
CNEY,6.03885352522577
MGAM,8.100234454667754
XXII,6.531759869406019
LXEH,7.625485703972107
RNXT,5.212312499928736
NMRD,10.051879608132074
NVVE,11.670132844640545
MEDS,11.902502888183697
ESGL,11.768952541696606
ALZN,6.089879363014824
CVKD,4.879007838746909
MIND,12.817169264630703
STSS,7.094173001623097
IVP,8.214404529228192
PULM,1.8172995810764572
OMQS,8.147539605412561
LIXT,6.675470183716394
CING,5.152844041597902
WETG,9.659002840988673
SYRA,6.3928402357314065
APM,6.30161746037726
EFOI,4.037631437422805
QH,4.856553014497398
MSGM,7.795769930846595
PYPD,5.936697574806198
SBFM,5.650550823323897
MGOL,6.930520295786357
OXBR,7.340883800961984
LIPO,10.342187962046543
CNET,4.295161030275457
AMTI,7.039595458381897
ELWS,7.4545508226797255
TRVN,4.888221715399823
CELZ,4.344979887621922
MOB,7.340621695224137
BETS,11.21053683960154
KTTA,4.440063093806783
CMMB,3.13468209711227
VRPX,3.0481736970268494
NAOV,10.433215168437975
FLGC,12.549975653278036
DGLY,5.060722080557339
YOSH,8.439021985710717
BAOS,5.644469108072523
PEGY,4.87628468706291
TBLT,4.29410967621992
TCON,8.576958380799557
FNCH,3.202417834011121
WAVD,16.0098645543437
CJJD,4.9645167046634
LYT,5.887379102265057
IMTE,7.078303055945701
CETX,6.848049746961333
LASE,7.031377557079946
KWE,4.548786765630078
BPTH,15.402620352551793
SLNH,9.913047691596487
OCG,6.080872617563604
SILO,3.5187475400786776
ANTE,4.3319527192907765
XTLB,6.808501876898268
TTNP,5.227466636602961
BWV,3.6922091575005833
FUV,3.1662620976410043
BIMI,7.357196212442454
VVPR,7.904650165311646
DMK,15.554015894382882
MRIN,7.307735496770088
WLDS,6.702031964925389
BYU,12.861537619014626
BOF,5.257375468813516
LUCY,5.121516771443694
ERNA,4.877579775633627
PALI,17.404025759059564
IMCC,6.28216876825904
PRZO,23.764707514339666
DRUG,6.747262615176496
ADXN,6.215638924930415
JWEL,6.378874241454855
CYCN,4.12715118605055
LEDS,4.228289275725011
DTSS,14.631957687428164
ASST,9.256190321911271
ALBT,7.202875709999511
TNON,8.126708019043273
SOFO,4.173912531707177
IKT,7.809036357196099
RNAZ,38.54762219972907
AMST,3.3612595748123977
AEHL,6.318153038393121
WINT,6.373662301752503
SWVL,5.250045245227337
LGHL,8.184541132469871
SIDU,6.085320292344043
ATXG,5.777167958124579
MDGS,4.530256169186556
XBIO,4.262600032063905
VVOS,12.994483866645579
REBN,4.680689025165921
ISPC,6.0770246452861745
CYAN,4.075995043920525
NFTG,9.94656840093158
JVA,4.155018863627973
TCBP,7.0947337163177675
BON,5.447689819552541
TGL,9.06346019200363
HSDT,7.676870988418436
FRTX,7.564561962019268
BPTS,12.161383465290474
INVO,38.16527885275086
SISI,6.393061943007701
OPGN,26.92339716125546
SNTG,4.693838541589786
LTRY,13.611218338094863
BFRI,5.440651705808023
RVSN,4.916846894294836
VRAX,4.536614628258512
PRSO,5.193317620543958
MNPR,4.83461706764894
ADD,8.485439738242627
ISUN,6.292101838390404
CPOP,79.32079978580634
XCUR,4.9409746853867205
NVFY,6.027837076346978
REVB,4.480131447009581
AEMD,4.230267310797383
EVOK,5.6119825308813525
SBET,3.813605312962875
AVGR,14.509704570818215
HOTH,5.439561162241874
QNRX,4.565982058029394
WTO,5.024052768502528
SNGX,3.8606734657264394
MCOM,9.830287268406428
LMFA,5.331959679036432
KPRX,4.541852554881428
PIK,4.316498063596452
CEAD,4.524973731617891
JCSE,9.451185513281397
AGRX,5.404746967874867
GCTK,5.981411471836106
SPRC,20.29364435043303
LSDI,6.882093783309306
DATS,5.688583532595374
BJDX,11.415199309350177
AUUD,4.667341464662079
SLE,15.67976208443003
PIXY,23.199074938038894
UPC,8.014419089596016
FRGT,5.939534291489187
ZVSA,8.514064823076234
SECO,30.214568900806
CYCC,8.00084129635964
ARTL,6.183971461762386
PTIX,6.180602845744014
CISS,5.383433292794427
MYSZ,7.7657062052909716
RDHL,9.264812561307462
MDVL,5.6405731166736075
QLGN,4.463907991504441
BTCT,13.069450330473432
FWBI,9.204398843824848
NOGN,7.042821928508312
PRFX,4.186417075936945
APVO,7.507817296171435
DUO,7.0618330891764325
VERB,44.828439215156784
RKDA,5.206579149616777
SXTP,6.505009290237332
HALL,6.004526161230613
RELI,6.1694624869677686
OBLG,7.476564574789846
THAR,9.060731975075425
WTER,7.532539370733849
NCPL,6.099371663070358
TIVC,16.37168317104305
ENVB,5.727546209623814
NUZE,7.1883565171599875
JZXN,5.716344600173352
THMO,3.9221861421444926
ASNS,8.927892585859922
MICS,5.600980817281108
NXTP,7.440877811850438
STAF,5.327551557307249
CUEN,7.229044442312341
TAOP,8.578280365381302
SCNI,5.277666474852409
COMS,5.415993650457202
CLVR,6.323352875752169
OTRK,5.76337748237691
JFBR,3.4027144801497453
ONFO,5.159603562724364
SVFD,19.939989796204966
SNPX,6.835873407074636
PBTS,13.43847191261697
PTPI,6.022059464404382
DYNT,4.394721849158823
CWBR,3.893600604412418
ADIL,6.939373797404459
HSCS,7.5665854049653145
YTEN,10.00628301473433
AGFY,7.920333652025854
NXL,8.58743030979591
EDBL,10.972271550525177
SPCB,19.888796902710713
BDRX,11.054931684746236
ENSC,6.0300313324666295
VS,8.765959161709034
NBSE,16.399521724364913
TIRX,7.764030084756707
SONN,6.833305615462247
GRI,6.430421351541241
SNOA,8.038719474627271
CYTO,5.08862151860708
NXU,9.633494809641494
SMX,11.750375461842598
ALLR,5.214575781036517
SLRX,4.910238136247576
AIHS,5.273894899737309
DRMA,4.781425255372912
KERN,8.7895756936724
ACON,10.63176425031064
UK,5.272194782644889
NVIV,2.6963316844792464
PHIO,12.608971050253913
BKYI,9.347614188226046
ATNF,8.20757200302817
NEXI,7.547299058092109
WORX,8.033158517610746
SVRE,5.669761380345536
ZIVO,6.3949862908265525
IONM,11.121284145638244
DBGI,15.53362654776163
LQR,10.279371935058009
GMBL,8.449757747859689
BACK,4.6669285706999695
OCTO,9.140941743626138
HCDI,5.738319018952633
RCRT,9.39307042516856
SASI,21.401920276441594
CMND,10.849176117316162
AKAN,8.213756700709636
MOTS,7.891612473294546
JAN,6.922319791991788
ATXI,6.160920273566611
SYTA,10.05634458993558
SINT,4.672042676897643
LGMK,6.925758043196317
AREB,7.520750217602404
BBLG,7.270967837993836
PBLA,3.759369712538796
MINM,7.9270502067353705
EAST,7.369854694881667
ASTI,10.495065739253164
VINO,9.334973974612566
GNLN,4.858404966899789
GROM,9.6146781083209
INBS,9.480424524029525
BIOL,8.533953723310335
INM,10.618783812138394
AUVI,5.524769752337333
RSLS,7.766527308500427
NUWE,7.0093764484880055
GLMD,5.105165008408013
VLCN,8.32387402958121
MOBQ,5.309021840667677
PXMD,9.938980882884357
SMFL,7.056964136575139
WISA,6.27829170651187
ADTX,59.20834612069452
AGRI,11.601055989452922
BSFC,10.27069827475726
ROI,9.607179166765746
NEPT,13.810261534294034
WHLR,15.640761809086767
KTRA,5.897823207308809
CRKN,8.54965676271212
BRSH,23.074662792208013
CNXA,23.072434368697888
RY.TO,0.9923869685830056
TD.TO,1.0459809600257552
SHOP.TO,3.0169710295913865
CNR.TO,1.1136459793226907
ENB.TO,1.2917652714416163
CNQ.TO,1.5924988377688696
CP.TO,1.0086712834141986
TRI.TO,1.0423933561604442
BMO.TO,1.095647769112744
ATD.TO,1.2235996059048675
BN.TO,1.990008146862814
BNS.TO,1.097340286828142
CSU.TO,1.355761808520417
SU.TO,1.5009687911903
TRP.TO,1.1997531944627278
CM.TO,1.1686047398613344
BCE.TO,1.0698745453235665
MFC.TO,1.1672685073215754
WCN.TO,1.2697892147485426
CVE.TO,1.590576550111853
QSR.TO,1.272520028545992
IMO.TO,1.4847158290679798
NGT.TO,1.713356784020646
SLF.TO,0.9907465885769412
GWO.TO,1.024612441543468
ABX.TO,1.5344969578135044
L.TO,0.9616395154243618
NTR.TO,1.7699845244609318
IFC.TO,1.0395295384699548
T.TO,1.2227886041519582
AEM.TO,1.7117678925061455
QSP.UN.TO,
GIB.A.TO,
FNV.TO,1.7452570778612368
RCI.B.TO,
RCI.A.TO,
FFH.TO,1.361563726773709
NA.TO,1.2812862953743496
WPM.TO,1.7407543974772257
DOL.TO,1.154856822927029
FTS.TO,1.268358554391939
CCO.TO,1.8262525763405297
TECK.B.TO,
PPL.TO,0.9889786754058337
POW.TO,1.0981720756223736
WSP.TO,1.2756962769490612
H.TO,1.4851819404086763
TOU.TO,1.3660231087175951
WN.TO,0.9821663870948111
MG.TO,1.589037932882615
BAM.TO,1.6395797333140167
OVV.TO,1.9502660540170245
MRU.TO,0.8971713408673094
RBA.TO,1.5865785420623388
GFL.TO,1.4121771724943988
OTEX.TO,1.8129404438400265
IVN.TO,1.9730052454799574
TFII.TO,1.7585885839749913
EMA.TO,1.40083711918598
ARX.TO,1.4941811300079761
SAP.TO,1.022585297546113
STN.TO,1.2330244193183189
CCL.B.TO,
FM.TO,4.396236066864838
FSV.TO,1.2639305574839654
DSG.TO,1.060426453498536
K.TO,2.1816201324020734
TIH.TO,1.041951083279927
CAE.TO,1.7699203075402672
IAG.TO,1.2710371841890276
WFG.TO,1.3594587335346522
CU.TO,1.1955370104560206
CTC.TO,2.623780412126949
EFN.TO,1.134044141747385
CTC.A.TO,
X.TO,1.0461579737194842
IGM.TO,1.3464662622330374
ALA.TO,1.2104030828825916
MEG.TO,1.9780467997401672
KEY.TO,1.1662618051931375
CAR.UN.TO,
EDV.TO,1.6240302507571889
DOO.TO,1.7911230195149566
ONEX.TO,1.162324103362472
AC.TO,1.3693749041556895
BEPC.TO,2.1138357607589287
AQN.TO,1.8052498508841621
NPI.TO,2.189628348309794
CPG.TO,1.730717229377127
BBD.A.TO,
FTT.TO,1.46077841908108
SJ.TO,1.8811426875773345
NXE.TO,2.537572284601061
CLS.TO,2.4573270521234405
CPX.TO,1.462101291988693
MX.TO,2.183623750580704
CS.TO,2.557262308799518
CIA.TO,2.621593219000893
LSPD.TO,2.784217111237946
TA.TO,1.8522310614606674
ELD.TO,2.3573495199218657
BLX.TO,2.0664991796332894
MFI.TO,1.8344246413035021
BB.TO,4.602064057350839
PXT.TO,1.9790778248257905
CWB.TO,1.781852396846306
EQB.TO,1.6666693258825014
NVA.TO,1.6305761113707171
WPK.TO,1.0183067814107445
SPB.TO,1.471846040970946
ATZ.TO,2.2114684606410027
RUS.TO,1.4421010345387397
CCA.TO,1.4549615513067349
CIX.TO,1.731381636138387
STLC.TO,2.599707327303858
ATH.TO,2.1307892168400664
FN.TO,1.2167334048917167
CGG.TO,2.752804016457517
EIF.TO,1.1687660923858452
EQX.TO,3.5823365984339786
EFR.TO,3.165257347704508
AIF.TO,2.490899412580844
SVI.TO,2.4817931634651815
CEE.TO,2.423208809350605
NWC.TO,2.106965866569944
HWX.TO,1.3710842529998655
AAV.TO,1.7301583015099287
IE.TO,3.4220669044030614
NFI.TO,1.9855381861366408
OGC.TO,2.0749267351191594
BBUC.TO,2.2281068582589816
CJT.TO,1.9441608563146884
CG.TO,2.0320913294395018
BDGI.TO,1.493162700476519
MEQ.TO,0.9923495638662944
LNF.TO,1.9406181722191502
FOM.TO,2.186406726609994
CAS.TO,1.6733872287870986
AOI.TO,2.1882883751126694
MTL.TO,1.2541573137392374
IFP.TO,1.8072941663331274
MRC.TO,0.5880444615705643
LB.TO,2.2974507385539598
ASTL.TO,2.256438672713104
TXG.TO,2.7684749915870293
SIL.TO,2.301744894597111
CJ.TO,1.546219853075355
GCG.TO,1.1074279619323093
MRE.TO,2.10960613348666
AYA.TO,2.7430831228746886
SIS.TO,1.5738856691661418
OSK.TO,2.3274358828043753
AFN.TO,2.2348908780960346
ET.TO,1.4274387974774623
CEU.TO,2.1041277563269203
WELL.TO,2.2655701011271288
ALS.TO,2.09913999064761
PBL.TO,1.7881961807536428
CMG.TO,2.8102814821072917
CR.TO,1.9658750353584884
OBE.TO,2.203944521374188
SGY.TO,2.0063026835330566
NBLY.TO,7.722534727235216
FEC.TO,2.50144754836979
ABCT.TO,1.6150203082894556
SLS.TO,3.369337930901521
FCU.TO,3.610873367790906
EFX.TO,4.288341914064583
CGO.TO,1.5462268877379277
CGI.TO,0.8585348004886165
ARE.TO,2.575643889793445
CF.TO,1.6647588089404566
WEED.TO,14.592252115667435
BDT.TO,1.4804449667530677
HUT.TO,4.922097570169173
ECN.TO,2.678838979958173
SVM.TO,2.508490956276291
WJX.TO,1.6893151014710432
GUD.TO,1.1150434522994541
IAU.TO,2.445896469590858
ALC.TO,0.8612067495337755
SDE.TO,2.0246917404309372
EXE.TO,1.1590714389960874
FSZ.TO,3.242840780994031
PNE.TO,1.634196971264183
LEV.TO,2.9140568124170723
SKE.TO,2.6418245200372388
HRX.TO,1.510400751455328
ARIS.TO,2.6763080691121393
SOLG.TO,4.8083702056431825
CHR.TO,1.908933061185947
DTOL.TO,2.0386483293288205
TWM.TO,2.576890644354128
GBT.TO,1.4667213318236039
CFW.TO,2.0527622511036365
DXT.TO,1.566870333375459
ISV.TO,1.7993809413908246
FC.TO,1.194705008885197
PRL.TO,3.273407433924651
AR.TO,3.2913828764195525
GRA.TO,3.7470953033913292
OPS.TO,6.521831715259156
ACB.TO,11.141713684617194
ADN.TO,1.125411510288958
PPTA.TO,3.7303903886170358
ETG.TO,1.5322971515815098
AMC.TO,3.2713453608340815
QFOR.TO,2.507955907034698
MXG.TO,1.8985183388824398
PAY.TO,2.1440584316000812
BK.TO,2.3628062532492615
BNE.TO,2.581240855524253
DR.TO,1.224694152971265
ARG.TO,2.395924474057142
Y.TO,1.7258337358093137
NEXT.TO,4.6773908070425145
ECO.TO,2.9559682220758687
GH.TO,1.567327262678988
QTRH.TO,1.7433264033886338
ADW.A.TO,
CKI.TO,1.3364715762369064
GXE.TO,2.1390976745472234
LGO.TO,3.3150055099201476
BRAG.TO,3.4493589914617044
NB.TO,4.6297513449886525
GAU.TO,3.1600160564280486
WPRT.TO,2.8934701295989926
FSY.TO,5.754280032146137
PTM.TO,2.4909829907564935
DCM.TO,1.7999762707186395
SMT.TO,3.420110403674327
GDC.TO,2.562840087544564
AII.TO,5.054119550454707
TRZ.TO,2.5317971054034025
STC.TO,2.8470900712020404
XAU.TO,2.2235004703579597
CJR.B.TO,
ME.TO,2.6621869240555363
EDT.TO,3.365822613401993
FORA.TO,5.041685916169125
PSD.TO,2.6261848819595683
SHLE.TO,4.193482223660751
FTG.TO,1.8687953959978596
GEO.TO,2.3878794679892694
ASM.TO,3.716463592531446
CRRX.TO,2.6477702306714908
GURU.TO,5.785296593083058
AKT.A.TO,
BUI.TO,3.3638273427870327
NHK.TO,4.343118348285003
ICE.TO,2.4954018859174965
EGLX.TO,6.740164093877569
ESN.TO,2.2876267999576183
GENM.TO,4.617743754774962
COG.TO,6.355238341590519
EAGR.TO,4.524647254200355
ATE.TO,4.804410741994205
MDP.TO,5.499774702005708
AVCN.TO,7.866413154997997
RTG.TO,6.7801143950754925
NUMI.TO,4.325543972462172
FOOD.TO,2.303028088989428
OPT.TO,5.4205461136523025
APS.TO,6.6815399621828275
ATCU.TO,4.059201285520068
CWL.TO,3.2519373644822562
TSK.TO,4.271433490008776
DBO.TO,5.468972964474494
BKI.TO,7.2509356331979395
BU.TO,5.48375072530956
ANRG.TO,11.113801950866451
FANS.TO,8.113123559517401
FT.TO,10.193931367850638
ASND.TO,7.619119102532946
ADCO.TO,2.4186362353137234
ELEF.TO,8.542541514265066
FDGE.TO,8.288419758004215
BRY.TO,3.5778587675813442
VQS.TO,8.139348027153176
AUMN.TO,12.777422514470269
CUB.TO,7.0813537625304015
DN.TO,7.353393768819843
EXN.TO,8.465805881110848
AAB.TO,0.0
GBAR.TO,9.464247084959426
